orð	óviðeigandiheitaeinkunn	atkvæði
áætlun	1.25	4
aðdáun	5.0	1
﻿aðildarsinni	2.4	5
aðsigling	0.0	2
aðstoðarfólk	0.0	3
ælingi	4.75	4
ærumeiðing	0.67	3
ærumeiðingarbrot	0.83	6
ærumorð	3.0	2
ættleiðing	0.0	2
ævisaga	0.0	1
afarljótur	4.6	5
afbragð	1.5	4
afbrjóta	4.0	2
afbrot	0.0	1
afburðamikill	3.33	3
afburðasnjall	0.0	1
afdæmingur	2.5	2
afdalavitleysingur	6.0	5
áfengisdauður	6.25	4
áfengislagabrot	1.67	3
áfengisvíma	0.33	3
afglapi	7.0	2
afhommun	10.0	4
afhrak	3.75	4
afhrapi	5.0	1
afklofi	5.0	2
aflagi	5.0	2
aflaki	5.0	1
áflogaseggur	3.25	4
afmæli	0.0	3
afneitunarsinni	3.25	4
afríkunegri	8.75	4
afsi	1.0	1
afskræmi	5.17	6
afskræmislegur	4.75	8
afskúm	1.5	2
afsnóp	5.0	1
afsökun	1.0	5
afstyrmi	3.0	2
aftaníossi	1.0	1
afturbatapíka	9.0	2
afturfótafætlingur	8.0	1
afturfótafiðrildi	5.5	2
afturfótakvikindi	0.0	1
afturhaldsmaður	3.5	4
afturhaldsseggur	2.6	5
afturhaldssinnaður	3.17	6
afturkreistingur	6.5	4
afturréttingur	3.0	3
afturúrstang	4.0	3
agabrot	0.33	3
ágangsseggur	0.0	1
agði	0.0	1
ágengnisseggur	6.5	2
akademía	0.0	5
ákæra	0.0	2
ákærandi	2.5	2
ákærður	0.0	3
ákæruatriði	0.0	3
ákærudómstóll	0.0	3
ákæruferli	1.11	9
ákærukviðdómur	5.83	6
ákæruliður	1.0	6
ákærumál	2.0	6
ákæruskali	1.0	2
aktívisti	5.0	2
ákvæði	0.0	3
álfaskapur	3.67	3
álfur	1.0	5
alkahólisti	3.67	6
alki	3.6	5
alldrukkinn	3.0	2
allölvaður	4.2	5
allsber	0.0	2
almannafærisbrot	0.0	1
ambinböðull	4.25	4
ambirna	1.0	2
amfetamín	2.14	7
anarkisti	0.0	3
andfasisti	4.0	2
andfemínisti	1.5	2
andgyðinglegur	5.67	3
andhælisskapur	10.0	1
andkristur	2.5	4
andsetinn	2.33	6
andskota	3.4	5
andskotakornið	5.0	3
andskoti	5.5	2
andstyggilegur	3.75	4
angilji	0.0	2
angurgapi	3.0	2
áni	3.0	2
annálaður	3.33	6
annar	0.83	6
annarlegur	1.0	2
annléri	6.25	4
ansvítans	3.2	5
apabýli	8.25	4
apaköttur	4.0	4
api	2.4	5
aplakálfur	5.0	1
apli	10.0	1
app	1.67	3
appelsínugulur	1.56	9
arabatrú	9.4	5
árásarnauðgun	4.5	4
árásarseggur	4.67	6
arðsamur	0.0	3
arðsemi	1.25	4
áreiti	2.0	1
áreitinn	5.4	5
áreitni	5.0	1
arghola	3.0	1
argintæta	2.5	2
argvítugur	7.5	2
ári	0.0	1
arkitekt	0.0	1
arlaki	0.0	1
árlaki	5.0	1
asna-	4.0	4
asnakjálki	4.0	2
asnalegur	2.0	5
asni	4.8	5
ástríðuglæpur	4.0	3
athyglissjúklingur	7.0	4
athyglissjúkur	3.0	1
atstyrmi	0.0	1
attans	5.33	3
átvagl	5.5	2
atvinnuhommahatari	8.0	1
augnablik	3.0	2
augnaráð	0.0	1
aukvisi	3.67	3
aula	6.5	2
aulabárður	5.0	4
aulaháttur	5.0	4
aulaskapur	0.0	1
aumingi	7.75	4
aumingja	5.5	2
aumingjahrollur	1.6	5
aumingjalegur	6.5	2
aumingjast	3.67	3
axarmorðingi	4.5	6
axarskaft	1.67	3
baðstofuræfill	7.67	3
bæjaryfirvald	0.0	5
bakkabróðir	5.0	1
balbamba	10.0	1
bálvondur	0.0	1
banani	4.29	7
bandbrjálaður	4.33	3
bankaður	4.25	4
bankahrun	2.5	4
bannfæra	0.0	2
bar	0.6	5
barbari	5.5	2
barnaaumingi	9.0	3
barnahatari	4.5	2
barnalegur	5.33	3
barnamorð	6.0	2
barnanauðgari	3.0	1
barnanauðgun	7.67	3
barnaníð	2.67	3
barnaníðingur	3.5	4
barnaníðsmál	2.4	5
barnapía	1.0	2
barnarán	0.0	2
barnsdráp	3.0	4
barnsmorð	3.5	2
barnsrán	0.0	1
barri	1.67	3
bátur	1.67	3
bavían	3.67	3
bedemi	5.0	3
beinasleggja	0.67	3
beinasni	4.5	4
bekkræfill	5.0	1
belja	3.5	2
beljaki	5.0	4
beljudjöfull	9.0	3
bensíntittur	6.5	2
besefi	3.5	2
besserwisser	3.33	3
beysinn	5.0	1
biða	0.0	1
bikkja	5.17	6
bíll	1.67	3
birna	2.5	4
bit	0.25	4
bjálfaskapur	6.67	3
bjálfi	6.5	2
bjána	5.5	4
bjánalegur	5.0	3
bjánapoppari	5.29	7
bjánaskapur	5.0	3
bjáni	2.67	3
blábjáni	4.0	1
blaðurskjóða	6.67	3
bláeygður	1.25	8
bláhosa	0.0	2
blína	0.0	1
blindfullur	4.25	4
blóðskömm	7.0	2
blóðugur	0.0	3
blokkaraaumingi	10.0	1
blómaskita	0.0	2
blondína	8.0	2
blöndulókur	3.8	5
blygðunarbrot	4.25	4
blygðunarsemisbrot	2.0	3
boddí	8.0	2
bófi	6.83	6
bogi	1.67	6
bók	2.14	7
bókarræfill	7.0	1
bokki	3.5	2
bókstafstrúarmaður	5.0	2
boldang	8.0	1
boljaki	10.0	1
bolla	4.8	5
bolli	0.83	6
böllur	6.5	2
bölva	3.0	4
bölvaður	2.67	6
bóndaræfill	5.0	3
bora	0.0	1
borga	0.0	1
borgari	1.0	5
borgaryfirvöld	2.5	2
borubelgur	4.33	3
bósi	5.0	1
bráðgáfaður	1.67	3
braggaræfill	7.25	4
brauð	3.0	6
bredda	4.33	6
breddi	4.0	2
brekánsræfill	8.0	1
brengla	0.0	2
brennivínsdauður	2.67	3
brikk	7.0	1
brikki	0.5	2
brjál	3.25	4
brjála	1.67	3
brjálaður	1.67	3
broðháfur	5.0	1
bróðurmorð	7.5	2
brúða	2.5	6
bruði	8.5	2
brúnhærður	2.5	2
brussa	7.0	1
bryðja	0.0	3
búðarræfill	6.75	4
budda	5.0	2
bulla	1.5	4
bullari	4.0	2
bullukeli	4.0	2
bullukeri	5.0	1
bullukolla	3.0	6
bullukollur	4.4	5
bullustampur	10.0	1
bullustrokkur	5.0	1
bumba	2.2	5
bumbla	2.5	2
búri	3.0	2
busilkinna	2.5	2
buska	4.0	2
busla	0.0	2
bússinn	4.25	4
bústinn	6.0	1
buxnaræfill	8.0	2
buxnaskjóni	6.0	2
buxur	0.5	2
byrla	5.0	1
byssa	1.0	1
byssuárás	4.0	8
byssuglæpur	0.33	3
byssuræfill	1.0	1
bytta	4.5	2
case	0.0	1
daðurdrós	6.29	7
dækja	8.0	1
dagskrá	0.0	3
dalur	1.75	4
dáraskapur	5.0	1
dári	6.5	2
darri	4.0	3
dasi	5.0	3
dauðablóð	0.0	1
dauðadrukkinn	3.5	4
dauðarefsing	2.67	3
dauðasök	0.0	2
dauði	0.0	2
Dauði og djöfull	5.0	3
dauðyfli	4.17	6
daufingi	7.0	1
deiliskipulag	1.0	2
dekurdrjóli	3.0	1
deli	5.0	4
dellumakari	9.0	2
dettiklessa	4.6	5
digga	4.8	5
dilla	2.0	2
dindilhosi	5.5	4
dingla	2.0	5
djammari	2.67	3
djöfla	3.8	5
djöflaæði	3.5	4
djöflabarn	8.6	5
djöflakollur	7.0	2
djöflatrú	2.0	1
djöfulæði	5.0	1
djöfuldómur	3.0	6
djöfulgangur	3.0	2
djöfulinn	2.83	6
djöfull	3.75	4
djöfullegur	5.0	3
djöfullinn	7.5	2
djöfulóður	5.0	3
djöfulsins	3.0	1
djöfulskapur	2.6	5
dofningi	7.33	3
dofrungur	0.0	1
dögun	2.5	2
dólgur	2.5	2
dolifer	6.33	3
dólpungur	5.0	3
dólpur	7.5	2
dómari	0.5	2
dómsmálaráðuneyti	0.0	5
dómsmorð	3.0	4
dónakall	4.0	3
dónakarl	4.0	2
dónalegur	0.4	5
dónapeysa	2.75	4
dónatal	0.0	2
dóni	2.17	6
dópa	4.57	7
dópaður	0.0	1
dópisti	5.6	5
dópsmygl	0.67	3
downsari	10.0	2
drabba	3.0	3
drægja	10.0	1
dræsa	8.4	5
dráp	4.0	2
draumkunta	10.0	2
dreifbýlistútta	0.0	1
dréli	9.0	1
drellir	5.0	3
drembildrútur	8.5	2
drembildrylla	10.0	1
drembinn	5.0	2
drengdjöfull	6.71	7
drengræfill	6.45	11
drep	1.0	6
drepa	0.75	4
drjólhakkari	1.5	2
drjóli	4.67	3
drógla	8.0	2
drolla	2.75	4
drollari	4.8	5
drós	5.25	4
drösulmenni	4.67	3
drottinssvik	6.0	1
dröttólfur	2.33	3
dröttull	4.0	2
dröttungur	4.5	4
drubbi	6.0	1
drukkinn	0.0	1
drull	5.2	5
drulla	3.67	3
Drullu-	7.0	1
drulludeli	10.0	1
drulludrýja	6.0	1
drulluháleisti	8.4	5
drulluháleistur	6.0	2
drulluhræddur	0.0	1
drullulurkur	0.0	2
drullupirraður	3.67	3
drullusokkur	6.8	5
drullutussuskuð	10.0	2
drumbahlussa	8.67	3
drumbur	1.25	4
drundi	5.0	3
drundurhjassi	10.0	1
drusill	7.5	2
drusla	5.0	3
druslubaggi	7.0	1
druslubusla	7.5	2
drussi	8.0	3
drútur	2.5	2
drykkjudólgur	3.0	2
drykkjudömp	5.0	4
drykkjuræfill	4.67	6
drykkur	0.0	2
drylla	5.0	2
drymbildrútur	3.5	2
drymbini	10.0	1
drýsildjöfull	5.5	2
dubba	5.0	2
duddari	5.0	1
duddi	5.0	1
dúði	0.0	1
duðra	4.67	3
duglegur	0.6	5
dumma	2.5	2
durgur	5.5	2
durni	3.5	4
durtur	3.5	2
dusilmenni	5.5	2
dúsungur	8.0	3
dvergur	0.0	1
dyntirófa	2.75	4
dyntrófa	9.0	1
dyrgja	5.0	1
efahyggjumaður	4.0	5
eflingur	1.67	3
efnhagsbrot	0.4	5
efni	1.75	4
efnishyggjumaður	3.33	3
eggjunarfífl	4.6	5
egóisti	4.67	3
eiginhagsmunaseggur	3.5	4
eignarhaldsfélag	2.0	1
eilífðarbrot	1.29	7
einangrunarsinni	4.6	5
eineltisfórnarlambið	0.0	2
einfeldni	0.0	1
einfeldningur	0.0	1
einræðisseggur	3.88	8
einstakur	0.0	1
eiturkveita	7.0	3
eiturlyfjabrot	3.5	2
eiturnaggur	6.33	3
eiturnagli	3.67	3
eksnikerling	5.5	2
eldaskita	5.0	4
eldflaug	1.67	3
embættisbrot	0.0	1
embættismaður	0.5	4
endaþarmur	5.0	2
endurákæra	1.43	7
endurskinsmerki	0.0	3
endurskipulagning	1.67	3
epalhommi	7.25	4
epli	0.0	3
erkidjöfull	6.75	4
erkifífl	8.0	2
erkiflón	4.4	5
erkiheimskingi	7.33	3
erkiræfill	6.2	5
eskimói	6.2	5
éttu skít	7.8	10
eyðsluseggur	10.0	1
fábjánaháttur	5.25	4
fábjáni	7.33	3
faðir	0.0	4
fæðingarhálfviti	9.5	2
faggalegt	10.0	4
faggi	8.0	3
fáir	0.0	2
fáki	1.25	4
fákur	0.0	4
fála	0.0	1
fálki	5.0	1
fallegur	0.0	1
fangauppreisn	2.5	2
fangelsa	1.2	5
fangelsisdómur	1.6	5
fangelsisóeirðir	2.5	4
fangelsisrefsing	2.5	2
fangelsisuppreisn	0.5	6
fangelsisvist	1.25	4
fangelsun	0.0	2
fáni	0.0	4
fantur	2.5	2
fáráðlingsháttur	5.67	3
fáráðlingsskapur	8.67	3
fáráðlingur	7.0	3
fáránlegur	0.0	1
farðu í hoppandi hærusekk	5.29	7
farðu í hurðalaust helvíti	5.0	3
farðu í rass	8.75	4
farðu í rassgat	9.0	3
farðu norður og niður	0.0	1
farðu til fjandans	7.33	6
fásinna	1.0	2
fasískur	4.75	4
fasisti	5.0	2
fatabuska	5.5	2
fátæklingsræfill	8.8	5
fatalúði	10.0	1
fatlaður	5.0	4
fausi	5.0	2
fauskur	3.0	3
fauti	0.0	1
fávísi	3.33	3
fávit	6.6	5
fávitaskapur	6.0	2
fáviti	5.67	6
féhirðir	1.67	6
feita	6.0	2
feitabolla	8.5	2
félagaskiptagluggi	4.0	4
félagsheimili	0.0	2
félagslyndur	0.0	3
feministi	1.0	3
femínisti	2.75	4
féníðingur	7.0	1
fenja	0.0	2
ferðafuða	3.75	4
ferja	2.5	4
ferli	1.25	4
ferlíki	0.0	2
festa	0.0	2
fettirófa	5.0	1
fiðafita	5.0	1
fífl	4.5	4
fíkn	4.0	2
fíknefnabrot	1.4	5
fíkniefnabrot	2.4	5
fíkniefnaglæpur	8.5	2
fíkniefnaneysla	2.75	4
fimbulfambi	0.67	3
finna	0.0	2
fitubolla	8.14	7
fitubolti	6.67	3
fituhlunkur	8.0	6
fitukeppur	3.4	5
fjall	0.0	6
fjanda	2.5	2
fjandakorn	3.0	1
fjandinn	5.33	3
fjárdráttarákæra	0.5	4
fjárhagslegur	2.5	2
fjárhagur	1.75	4
fjárlagafrumvarp	0.83	6
fjármálakerfi	0.5	4
fjármálaráðherra	2.14	7
fjársvikabrot	1.67	3
fjöldaaftaka	3.33	3
fjöldamorð	1.29	7
fjöldanauðgun	5.0	1
fjöldaskotárás	3.33	3
fjölfatlaður	1.25	4
fjólublár	0.0	1
fjörður	0.0	1
flækingskvendi	9.0	2
flækingsræfill	5.0	2
flaga	0.0	1
flagari	5.5	4
flagð	4.83	6
flaggáta	5.0	1
flakatrúss	3.0	2
flaki	5.0	1
flautakollur	0.0	1
flautaþyrill	0.0	1
flegða	6.5	4
flenja	2.67	3
flenna	5.0	2
flennubredda	7.33	3
flétta	2.5	2
flík	0.33	3
flókatrissa	5.4	5
flökkukerling	2.5	2
flón	3.5	2
flónska	0.0	3
flosi	1.4	5
flösungur	1.5	2
flottræfill	2.5	4
fluðra	5.0	1
fluðrukolla	2.5	2
fluðrukollur	1.33	3
fluðruvaskur	2.67	3
fluðruveski	5.33	3
flugdólgur	3.2	5
flughani	3.6	5
flumbrari	3.0	2
flyðra	3.0	3
flymbra	5.0	1
flysjungur	10.0	1
föðurlandssinni	4.5	4
föðurlandssvikari	4.5	6
föðurmorð	0.0	1
fóhorn	1.67	3
fokk	5.5	2
fokka	5.67	3
fokkass	9.5	2
fól	4.67	3
fóli	4.0	5
fólska	1.75	4
fólskumorð	2.0	5
fordómafullur	1.43	7
fordómur	2.5	2
form	0.0	2
formúla	0.5	4
forpoka	4.33	3
forræðishyggjumaður	1.4	5
forseti	0.0	7
förumannsræfill	10.0	1
foss	0.0	1
fóstra	4.67	3
fóstureyðing	2.0	5
fósturmorð	8.33	6
fræ	4.6	5
fræðimaður	0.0	3
frægur	0.0	2
frakkaræfill	7.0	4
framhaldsbrot	2.0	4
framkvæma	4.5	2
framleiðandi	1.0	2
framlenging	0.17	6
framtíð	0.0	3
freigáta	3.0	5
frekja	4.62	8
frekjudós	3.67	3
frekjudrjóli	8.0	1
frekjuhundur	2.8	5
frekjuskarð	8.0	1
frelsissinni	5.5	2
frelsissvifting	3.67	3
frelsissvipta	1.0	5
frelsissvipting	1.0	5
frelsissviptingarbrot	3.4	5
frenja	5.25	4
freyðsild	6.0	1
freysgeldingur	1.0	2
friðarbrot	1.0	1
friðhelgisbrot	0.5	2
frík	7.0	3
frillusonur	6.67	3
froðusnakkur	3.5	8
frolla	7.5	2
froskur	0.0	5
frumbyggi	0.0	1
frumefni	1.67	3
frumskógur	0.0	1
frumti	5.0	3
frunti	5.0	1
fruska	5.0	4
fuckin	7.71	7
fuðra	0.0	4
fuðrandi	2.5	2
fúga	1.67	3
fúgáta	0.0	2
fugl	2.5	4
fullkomnunarsinni	2.0	2
fullorðinn	0.0	2
funi	0.0	4
fura	0.0	1
fylgifiskur	0.71	7
fyllibytta	8.5	2
fylliraftur	8.0	1
fýlukarl	5.0	2
fýlukoppur	3.0	5
fýlupoki	5.8	5
fýlupúki	3.33	3
fýlupungur	6.67	3
fýlutrunta	6.0	3
fyndinn	0.0	2
fyrirlíta	4.25	4
fyrirlitinn	1.67	3
fyrirlitlegur	7.0	1
fyrirsögn	1.25	4
gægsni	6.0	4
gælunafn	0.0	7
gæma	5.0	1
gæra	7.5	2
gæs	1.67	3
gæslusystir	4.33	6
gæsluvarðhald	1.75	4
gæsluvarðhaldskrafa	2.4	5
gæsluvarðhaldsúrskurður	0.0	1
gafhlað	5.0	3
gaflhlað	2.5	2
gáfnaskortur	3.0	2
gagl	7.5	2
gagnslaus	4.0	4
gála	10.0	2
galahjallur	3.0	1
galapín	10.0	1
gáleysisbrot	5.0	1
galfantur	5.0	1
gáli	2.33	3
galías	2.5	2
galinn	4.0	3
gallerí	3.0	5
gaman	0.0	4
gámur	0.0	4
gandála	0.0	1
gandálfur	1.75	4
gandólfur	7.5	2
ganga	1.67	3
ganta	1.67	3
ganti	0.0	1
gaprildi	6.75	4
gari	9.0	1
gári	5.0	2
garnaflækja	2.43	7
garri	0.0	2
gasi	0.0	3
gassi	2.25	4
gaufari	1.0	1
gaur	1.67	3
gauti	0.0	1
Gay Pride	1.67	6
geðbilaður	0.0	1
geðlúða	0.0	1
geðsjúklingur	9.33	3
geðsjúkur	7.67	3
geðstyggur	3.0	2
geðveikur	5.5	2
geðvilltur	4.0	2
gegða	5.0	1
geitaskurfa	6.0	3
gelgja	4.0	3
gella	1.0	1
gemla	0.0	1
gemsi	3.0	8
gengilbeina	0.0	2
gengjaofbeldi	6.6	5
genja	0.0	2
gensa	2.0	1
genta	5.5	2
gepill	6.0	2
gerpi	5.0	2
getnaðarlimur	2.5	2
gikkur	3.83	6
gimbill	1.0	2
ginningarfífl	10.0	1
gjaldeyrishöft	2.5	4
gjaldþrota	2.5	6
gjússa	5.0	4
glaðél	2.5	2
glæél	10.0	1
glæfrarokkur	2.5	2
glænapi	10.0	1
glæpadólgur	3.5	2
glæpamaður	2.83	6
glæpaseggur	4.0	3
glæpaverk	5.0	1
glæpur	1.67	3
gláka	2.67	3
gláni	5.67	3
glanni	2.0	3
glappaskot	2.5	6
glappi	0.0	1
glasabarn	3.33	3
gleðigosi	5.0	1
gleðikona	7.4	5
gleðra	7.67	3
gleiðálka	7.0	4
glenna	5.0	2
glenniverk	7.0	1
glerjabrúsi	0.0	1
glerjagás	8.5	2
glerkunta	8.33	6
glíma	2.0	1
gloðra	1.0	2
glofra	3.0	3
glópaldi	2.33	3
glópska	3.2	5
glópur	5.0	2
glorri	3.75	4
glufra	3.0	2
gluggaskraut	3.33	3
glumbra	3.0	4
glutra	1.0	5
glyðra	6.33	3
góðhjartaður	1.25	4
göðull	1.67	3
golur	1.33	3
golþorskur	4.0	2
gomsari	6.0	1
göndólfur	6.75	4
göndull	4.75	4
gortari	4.67	3
gorvambarhaus	7.75	4
gotuskellir	5.0	1
götuskellir	4.0	3
graðnagli	6.6	5
graður	6.67	3
gráður	0.0	3
græðgispúki	4.0	4
græningi	0.0	2
grænska	6.5	2
grákolað	3.0	2
grannur	2.5	6
grasasni	5.67	6
gráslemba	2.0	4
grautarhaus	5.75	4
greddupadda	8.33	3
greddusvín	7.5	2
grefillinn	6.0	3
grefilsins	3.0	1
greiðslumat	0.0	2
greindarlítill	0.0	2
greiningardeild	2.5	2
grennla	5.0	1
greppatrýni	3.5	2
gribba	6.5	4
grimmdarseggur	3.33	3
grimmdarverk	3.8	5
gringói	8.67	3
grípa	0.0	1
grís	1.0	3
grissa	10.0	1
grjón	3.38	8
grjónapungur	3.67	6
grjóni	6.67	3
grobbari	3.33	3
grobbías	4.67	3
groddi	5.25	4
grubba	7.0	1
grútarháleistur	4.4	5
grútur	3.8	5
grybba	5.0	4
grýting	4.5	2
grýtis	1.67	3
guddilon	9.67	3
guðlasta	4.67	3
guðleysingi	3.8	5
guðsgeldingur	0.0	1
gufa	0.0	2
gúgla	4.0	5
guli kynstofninn	9.0	5
gullfallegur	2.0	7
gunga	7.0	1
gunnungur	3.67	3
gyðingahatari	7.0	5
gyðingamorð	2.5	2
gyðingasamsæri	9.4	5
hælisleitandi	3.33	3
hærulangur	1.0	3
hættubrot	0.0	1
hafgleypa	6.0	3
hafnagapi	8.0	2
hákur	2.5	2
halabarn	5.0	3
halalalli	5.0	2
halanegri	10.0	1
hálfbjáni	6.0	5
hálfbrjálaður	3.75	4
hálfgeðveikur	6.0	4
hálförvinglaður	3.8	5
hálfrænulaus	1.88	8
hálfruglaður	3.4	5
hálfsturlaður	3.67	3
hálftýndur	2.2	5
hálfvitalegur	10.0	1
hálfvitaskapur	4.67	3
hálfviti	3.0	3
hálfvitlaus	4.0	4
hálfþreyttur	1.6	5
hálfþunglyndur	3.5	2
hálshöggning	5.17	6
haltra	1.0	7
hamur	6.0	3
hámur	1.0	3
handbendi	2.75	8
handlangari	2.5	2
hani	0.0	3
hár	2.0	5
harðjaxl	2.67	6
harðnjóli	6.0	5
hárgreiðslukona	0.0	1
hari	10.0	1
háskólanemi	2.5	2
háslétta	3.0	3
hata	4.5	8
hatari	1.0	2
hátíðahöld	1.25	4
hatursáróður	1.67	3
hatursefni	0.0	3
hatursfullur	0.5	4
hatursglæpur	2.2	5
hatursmaður	5.0	2
hatursmorð	4.29	7
haturstal	1.25	4
haugadrukkinn	5.0	5
haugafullur	5.75	4
haulpjanki	6.0	2
hávaðaseggur	0.0	1
hefðarpíka	9.0	3
hefndarbrot	0.0	1
hefndarklámsmál	6.0	5
hefndarmorð	6.0	1
hefnibrot	0.67	3
hégilja	0.0	1
hegning	0.0	2
hegningalagabrot	0.0	5
hegningardómur	0.33	3
hegningarlagabrot	0.0	4
hégómafullur	5.0	1
hégómi	1.0	3
heiðríkja	0.75	4
heiðursmorð	5.0	4
heiðvirður	0.0	2
heigull	4.0	5
heigulsskapur	3.0	2
heilladís	1.67	3
heilsa	1.25	4
heimilisdjöfull	2.5	2
heimilisofbeldi	2.5	6
heimilisofbeldisbrot	2.5	2
heimlæða	2.33	3
heimótti	3.0	3
heimska	1.2	5
heimskingi	8.0	3
heimskulegur	3.0	3
heimskupör	2.5	4
heimskur	3.33	3
heimur	0.0	2
helgibrot	5.0	2
helgidagur	1.0	3
helvískur	2.5	6
helvíti	6.0	5
helvítis	4.2	5
hemi	3.5	2
hémóna	5.0	1
héna	5.0	1
henda	1.67	3
hengilmæna	5.0	2
hengsli	5.33	6
héraðssaksóknari	3.0	3
héragaukur	3.6	5
hérakoppur	4.25	4
herdómstóll	6.0	2
herfa	10.0	3
herfangelsi	3.33	3
herglæpur	0.0	3
héri	2.33	6
herkerling	7.5	2
hermdarverkamaður	5.0	1
heróín	1.0	6
heróínsmygl	3.67	3
herramaður	3.5	4
herréttarhöld	0.0	4
hérvillingur	3.5	2
heybrók	2.0	2
heyrnaleysingi	5.33	3
heyrnarlaus	2.4	5
hilla	1.67	3
hilmingarbrot	10.0	1
himbrimi	2.8	5
himinn	2.5	2
himnalykkja	3.4	5
himnastigi	0.0	2
hismi	2.5	2
hitastig	0.0	2
hitta	2.75	4
hjáræna	2.0	3
hjáróma	0.0	1
hjassi	6.0	2
hjátrúarfullur	1.57	7
hjól	0.0	4
hjónadjöfull	6.5	6
hjúkka	4.5	2
hjúkrunarkona	4.0	3
hjúskaparbrot	2.67	3
hlaðborð	0.5	4
hláka	2.33	3
hlass	4.43	7
hlaupa	1.25	4
hlaupgosi	10.0	1
hlésari	2.5	2
hljóðfæri	0.0	1
hljómplata	2.5	4
hlunkur	6.25	4
hlussa	8.43	7
hlutabréfamarkaður	5.0	2
hlutabréfavísitala	0.0	1
hluthafi	2.5	6
hnykla	1.67	3
hólbrók	10.0	1
hólkur	1.25	4
hommadjöfull	10.0	2
hommafælinn	5.0	3
hommafóbía	6.4	5
hommahækja	10.0	2
hommahatari	10.0	1
hommaklám	0.5	2
hommalegt	9.33	6
hommalegur	10.0	1
hommatittur	8.33	3
hommi	3.5	4
hómófóbía	3.0	2
hönd	0.0	4
hónefur	3.5	2
hópmorð	4.4	5
hópnauðga	6.0	4
hópnauðgun	7.33	3
hópnauðgunarmál	3.0	3
hoppintegla	5.5	2
hópsjálfsmorð	0.0	1
hór	7.5	4
hóra	7.6	5
horaður	3.5	2
hordálkur	8.5	2
hórdómsbrot	7.5	2
hórdómur	7.0	2
hórkarl	5.0	1
hórmang	8.33	3
horngrýtis	3.0	2
horrengla	9.0	3
hórufáni	9.33	3
hóruhald	5.5	4
hórujagari	9.5	4
hórukró	10.0	2
hórulík	9.5	2
hórumamma	9.0	1
hórunarvín	3.5	2
hórusæng	9.0	2
hórusonur	9.71	7
hóruungi	10.0	1
hottintotti	5.0	1
hótunarbrot	1.0	3
hráæti	3.33	3
hræfugl	2.33	3
hræsinn	0.0	3
hræsna	7.5	2
hræsnari	0.0	3
hræsni	0.0	3
hræsnisfullur	6.33	3
hrani	2.0	2
hreðubassi	2.5	2
hrekkjagífill	4.67	3
hrekkjalimur	7.0	1
hreppskerling	7.33	3
hreyfanlegur	0.0	1
hrímskella	5.0	2
hringja	1.67	3
hró	1.5	2
hroðajarpur	4.25	4
hroði	3.0	2
hroðjarpur	3.25	4
hroðkálfur	0.0	1
hroðklápur	6.5	4
hrognhetta	7.67	3
hrognpusa	8.0	2
hrokafullur	1.5	4
hrokagikkur	2.0	1
hrökkáll	2.2	5
hrokkinhærður	0.0	4
hrokkinskinna	3.5	2
hrókur	1.67	3
hromsari	4.0	3
hrossabrestur	0.0	1
hrossaskella	7.6	5
hrosshaus	5.0	2
hrösulkarl	5.0	1
hrösulmenni	2.5	2
hrottafenginn	4.4	5
hrottaverk	2.33	3
hrotti	0.0	1
hryðjuverk	2.5	6
hryðjuverkabrot	5.0	2
hryðjuverkamaður	5.33	3
hryssa	5.0	2
hryssugrallari	7.0	2
húðstrýking	5.5	2
huglaus	3.0	2
hugleysingi	3.0	3
hugmyndafræði	0.0	4
hugsjónasamur	1.75	4
hugsuður	0.0	2
huklari	5.4	5
hulduhrútur	10.0	2
hulpjanki	3.0	1
húnamengi	5.0	1
hunangssætur	0.0	2
hundaklyfberi	4.0	4
hundgamall	0.0	3
hundlápa	7.0	2
hundspott	3.8	5
hurpa	3.0	2
hús	2.5	2
húsbrot	0.5	4
húski	5.0	1
hvatabúss	2.5	2
hvatvísi	0.0	2
hveðra	4.0	3
hvellibjalla	1.33	6
hverfa	0.0	2
hverfi	1.0	5
hvinn	0.0	1
hvippa	5.0	1
hvísla	0.0	1
hvítkál	0.0	2
hvolpur	1.0	5
hýðing	2.0	5
hyggjuleysi	0.14	7
hylla	3.4	5
hylming	2.2	5
hyndla	10.0	1
hýr	2.5	2
hyrja	1.0	1
hysterískur	7.2	5
hytta	5.0	2
idíót	7.0	5
íðorð	0.0	2
íhaldsmaður	2.2	5
íhaldsseggur	5.25	4
illgjarn	2.0	4
illindaseggur	5.67	3
illkvittinn	1.0	2
illviðræðuhæfur	7.0	1
illvirki	2.5	2
imbi	5.5	4
ímyndaður	3.2	5
indíánar	5.67	3
ingjaldsfífl	6.33	3
innherjasvikabrot	0.0	4
irra	7.0	3
íslamófóbía	0.0	2
Íslendingur	2.0	5
ístrubelgur	4.75	4
íþróttafólk	0.0	2
jálkur	2.33	3
jarðvegur	3.33	3
jarðvöðull	5.0	3
járnhaus	3.5	6
jörð	0.0	3
júbba	5.0	3
júði	9.5	4
júferta	7.0	6
júggi	7.0	4
jukka	6.0	2
jússa	9.67	3
jussulegur	7.0	5
jússulegur	7.67	3
jútur	5.0	2
kæruglaður	6.4	5
kærulaus	0.0	2
kaffi	3.0	3
kaldhæðnislegur	1.0	7
kálfur	0.0	1
kálhaus	4.0	2
kálhöfuð	8.0	2
kallgreyið	3.0	2
kanamella	8.67	3
kanína	2.4	5
kannabis	1.33	3
kannabisefni	3.0	2
karakter	0.0	3
karlahatari	8.0	1
karlaumingi	8.0	3
karldjöfull	7.0	2
karlfauskur	5.17	6
karlfemínisti	0.0	3
karlhlunkur	9.0	2
karlhólkur	4.5	2
karlhrota	4.67	3
karlhrotti	3.0	3
karlkynsorð	2.0	3
karlpungur	8.0	1
karlremba	3.25	4
karlrembubrandari	3.5	4
karlrembugrín	3.25	4
karlrembuhúmor	4.75	4
karlrembusvín	4.67	3
kassadama	3.33	3
kassalaga	2.0	4
kauðamenni	3.5	2
kauði	1.0	1
kaupmaður	0.6	5
kaupmáttur	0.0	2
kaupsamningur	0.0	1
keis	6.4	5
keismagi	0.0	1
kella	5.6	5
kelling	7.0	2
kengála	5.5	2
kengruglaður	1.0	1
kennari	2.5	4
kennslukona	6.5	4
kennslustund	0.0	2
keppur	0.0	1
kerfisfræðingur	0.0	5
kerling	6.2	5
kerlingaraumingi	7.0	4
kerlingardjöfull	9.4	5
kerlingareldur	6.6	5
kerlingarhíót	9.0	1
kerlingarhláka	10.0	1
kerlingarhromsa	10.0	2
kerlingarhrota	7.0	3
kerlingarskrukka	6.5	2
kerlingarskurfa	10.0	2
kerlingartrunta	8.5	2
kerlingartuðra	7.0	1
kerlingartussa	9.25	4
kertastjaki	0.0	7
kettlingur	1.25	4
kexruglaður	0.5	2
kínaveiran	7.75	4
kínverji	0.0	1
kínverji 	4.0	5
kjabbi	5.33	3
kjaftakerling	6.0	3
kjaftakind	1.5	2
kjaftalómur	2.83	6
kjaftarifa	4.0	1
kjaftás	4.0	1
kjaftaskúmur	3.0	2
kjaftaskur	5.6	5
kjaftasnápur	7.8	5
kjaftatífa	10.0	1
kjaftatík	5.67	3
kjaftatól	5.75	4
kjáni	2.5	2
kjarasamningur	0.0	6
kjóabringa	5.0	1
kjúklingur	1.5	4
klæðaskápur	0.0	2
klækismaður	5.0	4
klækjaseggur	3.0	4
klæmast	2.5	2
klám	2.0	4
klámbrandari	2.5	2
klámhundur	5.0	4
klár	0.88	8
klárað	1.67	3
klaufi	1.0	5
klefi	1.0	5
klikka	1.5	4
klikkaður	2.5	2
klikkhaus	2.0	1
klofakerling	10.0	4
klunnalegur	4.0	2
klunni	0.0	2
kófdrukkinn	6.0	1
kogni	5.0	2
kókaín	1.67	3
kolað	7.0	3
kolgeggjaður	5.5	4
kollegi	1.25	4
kolmórautt	0.0	1
kolruglaður	4.75	4
kolta	6.0	3
kommentari	3.86	7
konunglegur	4.5	2
kopi	10.0	1
körbeygja	3.0	4
korka	6.0	1
kósi	4.0	2
kosningalagabrot	1.6	5
kostgæfinn	0.0	3
kræfa	5.0	1
krakkaræfill	8.5	2
krakkfíkill	5.5	2
kramaraumingi	4.25	4
kramarmaður	3.0	1
krambúlera	1.67	3
krangalegur	3.5	6
krangi	5.0	2
krataeðli	7.33	3
krataeðlissjúkdómur	8.33	3
krati	2.6	5
krebeygja	5.0	2
kreða	2.0	4
kreddumaður	6.0	3
krefeti	7.0	1
kreyma	5.0	1
kröfuhafi	0.0	2
króna	0.0	2
krubba	8.0	1
krypplingur	10.0	1
kúalabbi	6.5	2
kuði	6.0	2
kúði	6.0	3
kuggur	5.0	2
kújóni	10.0	1
kúka	3.67	3
kúkalabbi	6.75	4
kúlnabrot	5.67	3
kúlumagi	2.5	2
kumba	3.33	3
kumpur	5.67	3
kunningi	0.83	6
kunta	5.0	2
kúra	0.0	4
kurfur	5.0	1
kurteis	0.0	3
kusi	2.33	3
kúsi	0.0	1
kútlingur	10.0	2
kvæðisbrot	2.5	2
kveðja	1.25	4
kvendi	5.33	3
kvendjöfull	5.0	1
kvenfrelsisbrot	5.0	1
kvenfyrirlitingu	3.0	2
kvenhatari	6.8	5
kvenhatur	1.67	3
kvenkynsorð	3.5	6
kvenmannsræfill	10.0	5
kvennabósi	6.0	2
kvennaflosi	3.0	2
kvennagosi	6.75	4
kvennamorð	2.6	5
kvenrembusvín	4.33	3
kvensa	5.5	2
kvenskass	8.33	3
kvensnift	6.0	4
kvenvera	2.5	6
kvett	5.0	2
kvikindislegur	0.0	1
kynblendingshundur	4.0	3
kynblendingur	5.0	3
kynferðiofbeldi	3.25	4
kynferðisafbrot	1.67	3
kynferðisafbrotamaður	1.25	4
kynferðisáhald	6.0	2
kynferðisárás	2.33	3
kynferðisáreiti	0.0	2
kynferðisáreitni	1.5	4
kynferðisbrot	3.75	4
kynferðisbrotaákæra	2.4	5
kynferðisbrotadómur	1.67	3
kynferðisbrotahluti	4.0	4
kynferðisbrotakæra	2.43	7
kynferðisbrotamaður	0.0	2
kynferðisbrotamál	5.0	3
kynferðisbrotaþoli	0.25	4
kynferðisglæpamaður	2.0	3
kynferðisglæpur	2.5	2
kynferðislega	2.33	3
kynferðislegur	1.5	2
kynferðismisnotkun	2.83	6
kynferðisnauðung	7.0	1
kynferðisofbeldi	5.75	4
kynferðisofbeldismaður	0.0	1
kynlíf	2.4	5
kynlífskúgun	3.86	7
kynlífsmisnotkun	4.5	2
kynlífsofbeldi	3.5	2
kynlífsskandal	1.5	2
kynmök	5.0	1
kynskiptiaðgerð	5.0	2
kynskiptingur	7.43	7
kynvilla	10.0	2
kynvillingur	9.86	7
kynvilltur	7.0	5
kynþáttahatari	0.0	1
kynþáttaóeirðir	2.0	1
kýr	1.0	2
labbakútur	3.5	2
læða	3.0	2
læpa	7.5	2
læra	2.75	4
lafsi	2.5	2
lagabrot	0.5	4
lagfæra	0.0	2
laglegur	0.6	5
lágmarksrefsing	0.62	8
láma	5.0	1
laminn	3.8	5
landbúnaðarráðherra	1.67	3
landgola	1.6	5
landráð	2.5	2
landráðaákæra	5.0	1
landráðamaður	2.14	7
landsframleiðsla	1.25	4
langdrukkinn	3.33	3
langilja	5.0	5
langinets	2.0	2
larfalúði	7.0	1
larfur	6.0	2
lassi	10.0	1
látsari	3.0	2
laufblað	1.67	3
lausagopi	0.0	1
lausalopi	6.5	2
lausingi	7.5	2
lauslátur	1.5	2
leggangur	6.5	2
leggöng	2.5	2
leiðindapúki	7.75	4
leiðindarkerling	4.5	2
leiðindaseggur	4.75	4
leiðindatrunta	8.25	4
leigumorð	8.0	1
leigumorðingi	0.33	3
leikfimi	0.0	4
leiksoppur	0.0	1
leikspilari	1.0	5
lessa	0.0	1
letiblóð	4.75	4
letidömp	4.0	2
letingi	4.57	7
léttúðardrós	5.0	2
leyma	0.0	2
liðleskja	4.25	4
lífeyrissjóður	0.67	3
líffæri	0.0	4
líflát	7.0	1
lífláta	6.0	2
líflátsdómur	3.5	2
líflátshegning	4.25	4
líflátssök	0.5	2
lífsstíðarfangelsi	1.0	3
lífstíðaraumingi	6.5	2
lífstíðardómur	1.5	4
lífstíðarfangavist	1.0	7
lífstíðarfangelsi	1.33	9
lífstíðarfangelsisdómur	0.0	4
lífstíðarfangelsisvist	1.67	3
lífsvilji	0.0	2
líkamsáraás	3.0	3
líkamsárásamál	0.17	6
líkamsárásarákæra	1.0	2
líkamsárásarmál	5.0	2
líkamsmeiðing	5.0	1
líkamsmeiðingarákvæði	2.5	2
líkamsrækt	0.0	4
líkamsrefsing	7.0	1
lím	3.2	5
linsa	1.25	4
lirfa	0.0	1
listi	1.67	3
lítilsvirða	2.75	4
litróf	0.25	4
ljóska	5.0	4
ljósmóðir	0.0	3
loddi	5.0	2
lóðréttur	2.67	6
löðurmenni	6.5	2
lofa	0.75	4
loft	0.0	6
logandi	0.0	3
logn	1.0	5
lognhattur	3.25	4
lögregluákæra	2.5	2
lögreglumorð	5.5	4
lögregluþjónn	3.75	4
lókalöð	8.5	2
lókur	6.0	4
lótaska	8.33	3
lubbamenni	8.5	2
lubbi	1.67	3
luðra	3.6	5
lúðulaki	0.5	2
lúfa	3.0	4
lufsa	5.67	3
lufsulegur	4.33	3
luntaradallur	3.33	3
lunti	2.5	2
lúpína	2.5	2
luri	3.0	3
lurkur	6.0	1
lúsablesi	6.4	5
lúsapési	7.8	5
lussa	4.5	4
lussi	0.0	1
lydda	0.0	1
lýðskrumari	1.5	4
lyfjanauðgun	5.0	2
lygagæra	5.75	4
lygahlaupur	7.8	5
lygalaupur	5.0	1
lygamörður	4.4	5
lygari	3.33	3
lypja	5.0	1
lyppukveikur	5.33	3
mælaborð	1.67	3
magnari	2.0	4
makaofbeldi	3.33	3
mál	0.0	3
málsmeðferð	0.0	2
mannát	5.33	3
mannaumingi	6.62	8
mannbjúga	7.33	6
mannblendinn	0.4	5
manndjöfull	5.0	4
manndráp	0.0	1
manndrápari	5.6	5
manndrápsákæra	0.71	7
manndrápsmál	2.67	6
manndrápstilraun	2.4	5
mannhatari	5.0	1
mannhundur	7.5	2
mannkerti	3.67	3
mannleri	6.5	2
mannleysa	3.8	5
mannorðsmeiðing	2.33	6
mannorðsmorðingi	3.0	2
mannræfill	6.0	2
mannræna	3.5	2
mannrán	0.0	1
mannránsmál	2.5	2
mannshvarf	3.5	4
mannsrán	4.0	3
mansal	8.0	2
mansalsbrot	1.0	3
mansalsfórnarlamb	3.33	3
mansalsglæpur	0.67	3
margdæmdur	1.6	5
margir	0.0	4
markaður	1.67	3
marxisti	2.5	6
masgepill	5.0	1
matarauga	5.0	1
matgoggur	3.67	3
mathákur	3.0	4
matseljumergur	6.0	2
mátulegur	5.0	1
﻿matur	0.0	3
meðmæli	1.5	4
meðvitund	0.0	1
meginmál	1.0	3
meinfýsi	5.67	3
meingeit	8.5	4
meinleysingi	5.0	2
meinsæri	0.0	1
meistari	2.0	5
mélbein	2.0	4
mélkisa	3.33	3
mella	6.2	5
Mellu-	9.25	4
melludólgur	6.5	2
mellufær	2.8	5
mellufar	8.2	5
melluföt	9.5	2
mellulegur	8.8	5
mellutorg	7.0	4
mélráfa	2.0	3
ména	5.0	2
méni	7.0	1
merarsonur	9.6	5
merkilegur	0.0	2
merking	1.0	5
mikilmennskubrjálæðingur	8.0	2
millikynja	6.0	4
mína	2.5	2
minningarathöfn	0.5	2
minnipokamaður	2.0	1
minnisbrot	0.0	4
misindismaður	4.25	4
misnotkun	2.5	2
misskilinn	1.6	5
misþyrma	0.0	1
misþyrming	1.6	5
mjógosi	0.0	2
mjölráfa	4.67	3
mjóna	5.75	4
móðga	0.0	7
moðhaus	4.75	4
móðir	0.0	2
móðursjúkur	6.67	3
mökkdópaður	6.0	5
molduxi	6.0	1
molla	1.67	3
mongólíti	9.83	6
montáll	6.0	1
montari	2.5	2
monthani	5.2	5
montprik	3.4	5
montrass	4.5	4
montrófa	5.6	5
morð	0.4	5
morðæði	4.33	3
morðákæra	7.0	1
morðalda	5.25	4
morðárás	2.5	4
morðingi	4.67	3
morðingjahendi	3.0	1
morðmál	1.67	3
morðóður	1.67	3
morðsaga	1.75	4
morðsamsæri	0.0	2
morðstaður	3.5	2
morðtæki	1.0	3
morðtilræði	0.67	3
morðtilraun	3.0	5
móri	1.0	5
móstrompur	6.5	2
mótorhjól	0.0	6
mubbudyndill	10.0	1
múgmorð	3.5	2
múhameðstrú	1.0	2
múhameðstrúarmaður	0.0	1
múlatti	9.4	5
muldra	1.0	5
munaðarseggur	2.6	5
múslimaandúð	5.83	6
múslimahatari	4.67	3
múslimi	1.5	4
múslimskur	8.0	2
myndasmiður	1.4	5
myndskreyta	0.0	1
mynt	1.25	4
myrða	1.75	4
myrkur	2.5	2
nabbi	5.25	4
nafnleysingi	1.75	4
náhænsn	5.5	2
nálgunarbannsmál	3.0	4
nálgunarbannsúrskurður	0.0	3
narri	5.5	2
narsissisti	6.33	3
nasískur	9.0	1
nasisti	2.33	3
nauðga	2.5	2
nauðgan	0.0	1
nauðgari	5.0	2
nauðgun	0.83	6
nauðgunarákæra	0.0	2
nauðgunarákvæði	5.0	2
nauðgunarárás	6.67	3
nauðgunaratriði	8.0	1
nauðgunarbrandarakarl	3.0	2
nauðgunarbrandari	8.4	5
nauðgunarbrot	2.33	3
nauðgunarbúðir	5.0	2
nauðgunardómur	3.75	4
nauðgunarfantasía	8.33	3
nauðgunarfórnarlamb	1.0	2
nauðgunargreni	8.33	3
nauðgunarhótun	0.0	1
nauðgunarkæra	4.2	5
nauðgunarleikur	10.0	1
nauðgunarlög	2.0	3
nauðgunarlyf	6.0	2
nauðgunarmál	1.75	4
nauðgunarmenning	1.5	2
nauðgunarsena	6.17	6
nauðgunarsinni	5.0	1
nauðgunartilfelli	5.0	3
nauðgunartilraun	7.5	2
nauðgunartilvik	4.86	7
nauðsyn	1.67	6
nauðungarbrot	8.0	1
naut	1.25	4
nautheimskur	3.33	3
nautshaus	7.0	2
neðanjarðarfangelsi	0.0	1
negrabani	10.0	2
negrabrandari	9.75	4
negrakarl	5.67	3
negrakarlmaður	9.4	5
negrakona	6.33	3
negrakóngur	6.6	5
negrakoss	9.5	4
negralist	7.6	5
negramella	10.0	4
negranögl	10.0	1
negraríki	9.67	3
negrasálmur	0.0	1
negrasöngvari	7.5	2
negratelpa	7.38	8
negri	10.0	3
negríti	10.0	2
neisti	3.33	6
neita	0.0	5
netníðingur	3.25	4
níðing	3.4	5
níðingur	6.0	1
niðurrifsseggur	6.0	3
nigga	9.33	3
niggari	9.83	6
níhílisti	0.0	1
nirfill	3.71	7
nirfilsneri	6.5	2
nirtinturta	7.5	2
nískubrandur	6.0	1
nískunös	8.0	3
nojaður	2.0	6
nöldurseggur	5.0	5
nörd	3.5	4
nördi	5.67	3
notalegur	0.0	2
nótenatáta	3.0	1
nurta	3.33	3
nurtur	5.0	1
nýbúi	4.0	4
nýfasisti	3.57	7
nýnasisti	3.88	8
nýra	0.0	2
nýrasismi	6.67	3
nýrasisti	4.33	3
óartargrís	5.0	2
óbermi	3.0	4
óbreyttur	0.0	3
óbrjálaður	4.0	4
ódæði	1.75	4
ódæðisverk	1.67	3
ódámur	7.0	1
ódeili	2.0	5
ódemi	5.0	1
ódili	6.0	1
óðindæla	6.0	2
ódráttur	6.0	2
ódrukkinn	0.0	2
óeirðarseggur	2.75	8
óeirðaseggur	2.33	3
ofbeldi	2.0	5
ofbeldisárás	2.0	4
ofbeldisbeiting	0.0	2
ofbeldisbrot	2.0	3
ofbeldisdómur	0.0	5
ofbeldisfullur	2.14	7
ofbeldisglæpur	1.8	5
ofbeldishótun	3.75	4
ofbeldishrotti	5.25	4
ofbeldisrán	4.67	3
ofbeldisseggur	3.5	6
ofbeldisverk	2.0	3
öfgafemínismi	4.5	4
öfgamaður	2.0	2
öfgaþjóðernissinni	3.8	5
oflátungur	2.0	2
ófreskja	2.67	3
ófriðarseggur	1.5	2
ofríkisseggur	5.0	4
ofsækja	0.0	2
ofsækjandi	0.5	4
ofsatrúarmaður	3.0	4
ofsóknarbrjálaður	7.67	3
ofsóttur	1.0	6
ofstækisfullur	3.5	2
ofstækismaður	5.0	1
ofstopaseggur	5.0	1
öfuguggi	5.0	1
öfugur	0.0	2
öfundarseggur	3.43	7
öfundsjúkur	3.5	2
ofurölvaður	4.25	4
ofurölvi	3.57	7
ofursgat	4.0	3
ofviti	5.0	3
ógeðslegur	6.75	4
ógerð	6.0	1
óglaður	0.0	2
óheiðarlegur	3.33	3
óhræsi	3.0	5
óhyggni	4.67	3
ökkli	0.0	5
óknyttastrákur	5.5	2
ökufantur	2.5	2
ökuhæfur	1.67	3
ókynhneigður	0.0	2
ólánsræfill	4.33	6
ólansseggur	0.0	3
ólánstrunta	7.0	2
öldungadeildarþingmaður	5.0	2
óljós	0.0	3
ölóður	3.25	4
ölva	3.75	4
ölvaður	1.75	4
ómenni	5.0	4
ómennska	2.0	3
ómennskur	4.25	4
ómerkingur	5.0	2
ónotahylki	5.2	5
ónytjungur	3.9	10
óökuhæfur	1.67	3
opinber	1.67	3
opingátt	0.33	6
ör	0.0	2
óráð	0.0	3
óræsti	3.33	3
orðaröð	2.5	2
orðgífur	3.75	4
orðgreppur	7.67	3
orðhákur	2.4	5
orðljótur	5.0	2
óreglufólk	4.33	3
örkvisi	4.0	3
örlaki	5.0	1
örmeti	1.0	2
ormétinn	1.67	3
örn	2.0	4
óróaseggur	3.0	3
óruglaður	0.0	1
örverpi	1.5	2
örviti	6.25	4
öryggi	3.33	3
ósannur	2.5	4
ósiðsemi	0.0	3
óskepna	2.67	3
óskilorðsbundinn	1.25	4
ósnilli	4.2	5
óstefna	0.0	2
ostur	0.0	6
óvættur	2.5	2
óviðræðuhæfur	0.67	3
óviska	0.33	3
óviti	2.5	2
óþjóðrækinn	2.83	6
óþokki	4.4	5
pæna	3.6	5
panta	0.0	5
pappír	0.0	6
par	0.0	3
paranojaður	6.0	6
paufi	6.0	1
perri	5.0	3
perta	4.0	2
peyjaloddi	10.0	1
peysa	0.0	1
píka	0.0	1
pilsvargur	4.0	4
pílukast	0.0	4
pípa	1.17	6
piparmynta	1.25	4
píslargrátur	4.75	4
píslarormur	7.0	1
pjakkur	1.83	6
pjalla	1.0	1
pjása	4.0	2
pjattrófa 	5.0	1
plebbalegur	4.6	5
plebbi	6.33	3
plebbismi	2.5	2
pöddufullur	2.4	5
pólitíkus	2.4	5
Pólverji	0.5	4
pönkari	1.25	4
popúlískur	3.67	3
popúlisti	3.5	2
prik	0.0	1
prjónaskita	5.5	2
próflaus	0.62	8
puðlingur	1.0	2
puðrueddi	5.0	1
púðurhlunkur	5.0	2
púðurkerling	3.0	6
púgáta	0.0	1
púki	4.0	5
pungur	2.57	7
pussa	6.33	3
pútlingur	7.0	7
pútusonur	7.67	3
pyntaður	1.67	3
pynting	5.0	2
pyntingafangelsi	5.0	1
ráðherra	2.0	1
ráðleysi	5.0	2
raðlygari	4.67	3
raðmorðingi	1.67	3
raðnauðgun	7.5	4
ráðríkisseggur	4.6	5
ráðuneyti	0.0	3
ræfill	0.0	1
ræfilsaumingi	6.0	3
ræksni	5.0	3
rænulaus	0.33	3
rænulítill	0.0	2
raf	0.0	1
ráfa	2.5	2
ráfukóngur	6.0	2
ráfulangur	3.0	4
rán	0.0	2
ránmorð	2.0	2
rannsókn	0.0	2
ránsbrot	2.0	1
rapphundur	5.5	4
ras	0.0	1
rasa	1.67	3
rasi	5.0	1
rasískur	5.0	1
rasismi	2.33	6
rasistabrandari	10.0	1
rasisti	2.5	2
rass	2.5	6
rassgat	2.33	3
rassgatans	7.25	4
rataskapur	3.5	2
rati	3.67	3
rauðskinni	7.5	2
raumur	6.0	1
raunsæi	0.0	7
reddi	6.0	1
refisvist	0.6	5
refjahundur	5.0	1
refsibrot	4.0	4
refsilög	2.0	4
refsiverður	0.0	2
rekstrarkostnaður	3.5	2
rekugaddur	5.0	3
renglulegur	7.0	1
renigantur	5.0	1
retta	1.5	2
réttarhöld	0.0	1
réttdræpur	4.75	4
rettirófa	0.0	1
réttlætisbrot	0.33	3
réttlætismarxisminn	4.5	4
réttur	0.33	3
reynsla	0.0	3
ríða	5.0	2
riflingur	1.5	2
rifrildisseggur	6.33	3
ríkisbubbi	2.5	4
ríkissaksóknari	0.0	1
rindill	4.67	3
rísa	0.0	4
risaeðla	4.5	2
rithöfundur	0.0	1
róa	0.0	3
robbi	3.33	3
roðgúll	0.0	1
roðhænsni	10.0	1
roðhundur	5.5	2
rógbera	3.0	2
rógberi	3.67	3
rokkur	1.14	7
rola	0.0	1
róla	1.67	3
rolumenni	5.83	6
róni	5.33	3
roppugoð	0.0	2
rosti	6.5	2
róstudólgur	6.0	2
rösull	2.5	2
rót	1.38	8
róttæklingur	2.5	2
rubbi	3.33	3
rubbungur	5.0	1
rubbur	2.0	2
ruddalegur	3.0	2
ruddi	4.5	4
ruddungur	2.5	2
ruði	7.0	2
rugludallur	2.5	2
ruglukolla	1.33	3
rumbaldi	2.5	2
rumpukarl	10.0	1
rumur	5.0	1
rúnka	8.0	3
rúsínurass	8.0	1
rúsínurassgat	1.75	4
rusólfur	5.0	2
rusti	4.0	4
rustikus	2.5	2
rusull	8.5	2
rýna	0.0	1
rysjaldur	3.75	4
sadisti	4.43	7
sæða	6.5	2
sæði	0.0	1
sædjöfull	2.22	9
sæmdarmorð	3.33	3
safnaðarheimili	2.5	8
sakadólgur	5.0	3
sakargiftir	3.6	5
sakborningur	0.0	2
sakfella	1.25	4
sakfelling	5.0	2
sakleysingi	0.0	3
saksækja	2.0	3
sálarmorð	4.0	2
sálarþynnka	2.5	2
samgönguráðherra	1.4	5
samkoma	1.25	4
samningaviðræður	0.0	4
samtalsbrot	0.67	3
sámur	0.0	4
sannkristinn	4.29	7
sannleiksbrot	4.0	3
satan	6.33	3
sáttasemjari	0.0	6
sauðarhaus	6.8	5
sauðdrukkinn	4.14	7
sauðheimskur	4.4	5
sauðölvaður	5.0	4
sauður	7.5	2
saumaskita	4.33	3
saumhögg	6.0	2
saurlífisseggur	6.83	6
seiðkonusonur	4.8	5
seiðskratti	4.5	6
seinlátur	6.0	1
sektardómur	2.75	4
serberus	5.0	2
sérrefsilagabrot	1.0	3
servíetta	0.0	1
setuprestur	3.0	5
sexy	3.6	5
shit 	7.0	9
siðabrot	2.0	5
siðferði	0.0	3
siðferðisbrot	3.5	2
siðleysingi	3.67	3
sídrukkinn	4.0	7
síðsuða	0.0	2
sifjaspell	0.5	2
sifjaspellsmál	3.33	3
sifskaparbrot	0.0	1
sigakeppur	5.0	1
sígauni	6.5	4
sigra	0.0	4
sigurvegari	0.0	2
silakeppur	6.33	3
síldarkerling	8.0	3
silki	1.67	3
silkimjúkur	0.0	3
simp	5.0	3
símtal	0.0	2
sitja	0.0	5
sjálfkynhneigður	2.5	2
sjálfmorð	6.83	6
sjálfselskur	5.0	1
sjálfsmorð	5.5	4
sjálfsmorðsárás	4.0	3
sjálfsmorðshugsanir	4.4	5
sjálfsmorðsprengjuárás	5.0	1
sjálfsmorðstilræði	7.33	3
sjálfsmorðstilraun	2.0	8
sjálfsvíg	2.5	4
sjálfumglaður	1.5	2
sjálfviti	1.67	3
sjávarútvegsráðherra	2.0	5
sjitt	1.8	5
sjóðandi	0.0	1
sjókunta	6.0	2
sjomli	4.75	4
sjón	0.14	7
sjúkrahús	2.5	2
skækill	8.33	3
skækja	7.67	3
skáeygður	5.25	4
skáld	1.67	3
skapabarmar	4.0	3
skarfur	6.0	3
skarkoli	1.86	7
skass	5.67	3
skata	0.0	3
skaufi	0.0	1
skauli	1.0	1
skegla	6.5	2
skella	0.0	5
skellibjalla	2.5	2
skelligláma	5.0	3
skelliglúmur	0.0	1
skellinaðra	0.0	1
skelmir	2.5	2
skemmdarseggur	7.67	3
skerja	0.0	1
skerjagála	7.0	1
skerjakolla	0.0	1
skerjála	2.5	2
skerjugerður	3.5	2
skessa	6.17	6
skikkja	0.0	5
skilgreining	1.2	5
skilorðsbrot	0.0	1
skilorðsbundinn	0.86	7
skilorðsrof	3.75	4
skipta	2.5	2
skirja	0.0	1
skírlífisbrot	3.0	4
Skít-	4.25	4
skíta	7.0	4
skítablesi	6.5	2
skítakarakter	5.33	6
skítakarl	7.5	4
skítakuldi	5.0	4
skítalabbi	5.0	1
skítamix	4.33	6
skítamúsík	7.0	1
skítamylla	4.0	2
skítapakk	4.25	4
skítapési	6.75	4
skítapleis	4.75	4
skítaredding	4.25	4
skítastarf	7.0	1
skítatónlist	8.25	4
skítaveður	2.5	2
skítaverk	4.25	4
skítavinna	4.0	3
skítbrasari	2.67	3
skíthæll	5.0	3
skíthræddur	1.89	9
skitinhæla	9.0	1
skitinn	2.0	1
skítkast	2.8	5
skítkokkaskóli	8.57	7
skítkokkur	8.0	3
skítléttur	6.33	6
skítnógur	5.75	4
skítstressaður	5.0	1
skjágrind	1.25	4
skjáhrafn	5.0	1
skjákrummi	3.33	3
skjalafals	0.0	1
skjalafalsbrot	0.0	4
skjáta	1.0	4
skjóða	5.67	3
skjóðuglámur	5.0	3
skjóðuglanni	5.0	2
skjöldur	1.0	5
skoðanafasismi	6.0	4
skoðanaglaður	6.0	3
skoffín	3.67	3
skolajarpur	0.0	1
skolli	7.0	1
skollinn	5.0	1
skoppín	2.5	2
skotárás	1.67	3
skottulæknir	3.0	2
skrælingi	5.33	3
skráma	2.33	3
skrámur	2.75	4
skraparot	8.67	3
skreppur	5.0	1
skrifborðsstóll	2.5	2
skrifstofustjóri	0.0	7
skrímsli	4.0	1
skrípi	6.0	1
skrjóða	5.33	3
skrjóður	5.0	2
skrokkskjóða	10.0	1
skrugga	0.0	1
skrukka	5.0	4
skrunka	6.0	4
skrykkildi	7.5	2
skuðgála	7.0	3
skuðrildi	5.0	2
skufsa	5.5	4
skurfa	7.0	3
skúringakerling	7.6	5
skúringakona	7.5	2
skussi	4.67	3
skúta	1.5	4
ský	0.0	3
skýjaglópur	6.0	1
skyldurækinn	4.33	3
skyndiklauf	5.0	1
skynja	0.0	1
skynskiptingur	7.0	1
sladdi	3.0	2
slæki	2.5	2
slæpingi	5.0	1
slagsmálahundur	3.33	3
slagsmálaseggur	0.0	2
slambakur	1.25	4
slambert	3.33	3
slánalegur	2.5	8
sláni	1.0	2
slarfi	3.0	2
slaufi	3.33	3
slengja	5.0	1
slinni	7.0	3
slóði	2.2	5
slókur	10.0	1
slompaður	3.6	5
slöngulmenni	5.67	3
slöttur	5.0	3
sluddi	6.0	1
slugsari	4.14	7
smáafbrot	0.0	3
smábarn	0.0	2
smádjöfull	6.25	4
smáglæpamaður	0.5	2
smáglæpur	2.0	4
smali	0.2	5
smámunaseggur	1.33	3
smápíka	7.2	5
smáþjófnaður	2.0	3
snáði	4.33	3
snápur	7.33	3
snarbrjálaður	2.86	7
snargeðveikur	6.67	3
snargeggjaður	4.67	3
snarklikkaður	4.67	3
snarla	2.5	2
snaróður	5.2	5
snarruglaður	3.33	3
snegla	2.0	1
snillingur	0.67	3
snipparamenni	7.5	2
sóðalöpp	10.0	1
sódómska	5.0	3
sódómskur	10.0	3
sökudólgur	3.33	3
sól	0.0	1
sólheimabarn	9.75	4
sólheimabros	5.0	2
sollabursti	5.0	1
sollabusi	0.0	1
solnabursti	4.25	4
söngkona	1.25	4
sorakjaftur	2.0	2
sótsvart	5.0	1
spaðvettlingur	0.0	1
spartakus	0.67	3
spéhræddur	2.0	1
sperrileggur	0.0	1
sperrirófa	4.0	5
Spikfeitur	5.0	1
spillingarbrot	2.67	3
spíttaður	5.67	3
spjátrungur	3.6	5
spóanefur	5.0	2
spóaríkur	0.0	1
spói	0.0	7
spóki	4.0	2
spólurokkur	5.0	1
sporvagn	0.0	3
spurning	0.25	4
spyrja	0.0	6
staðsetning	5.0	1
staður	2.0	5
stalínisti	4.83	6
standa	0.33	3
státari	5.0	1
stedda	1.33	3
stefni	0.0	2
stegla	0.0	1
stella	2.0	4
stelpa	0.0	3
stelpudækja	7.0	3
stelpudjöfull	7.71	7
stelpupussulæti	5.67	3
stelpuræfill	5.0	2
stelpuskjáta	6.75	4
stelpusnati	6.8	5
stelpustrákur	6.17	6
stelputrippi	7.0	2
stelsjúkur	2.67	3
steríótýpískur	0.0	2
sterkur	0.62	8
stinka	5.0	3
stirðbusi	5.0	1
stjórn	2.5	2
stjórnarandstaða	0.0	5
stjórnarformaður	0.0	2
stjórnarskrá	1.29	7
stöðva	4.0	4
stofnun	5.0	2
stofupíka	8.5	2
stóll	2.75	4
stólpakjaftur	6.25	4
stórafbrot	2.5	2
stórflón	8.0	1
stórglæpur	0.0	1
stórmóðga	0.5	2
stræki	8.5	2
strákaflenna	6.5	4
strákaglenna	7.0	4
strákhvelplingur	5.0	1
strákhveplingur	4.43	7
strákskratti	5.4	5
stráktittur	6.0	1
straull	0.0	1
stríðglæpur	3.5	2
stríðsæsingaseggur	4.38	8
stríðsnauðgun	6.5	2
stríðspabbi	7.5	2
stríðsréttarhöld	5.0	1
stritta	7.0	2
ströngull	0.0	2
strunsa	2.4	5
strympa	5.0	2
strytta	2.0	1
stryttulegur	5.2	5
stuðningur	0.0	4
stúlkuaumingi	6.33	3
stúlkuræfill	7.0	2
stundatafla	0.0	4
sturla	5.0	1
stuttbuxur	2.5	4
stykki	2.43	7
stýrivextir	5.0	1
styrjaldarseggur	5.33	3
subba	6.0	1
súðarbirna	3.25	4
suðukerling	3.0	2
sullukollur	3.67	3
súpa	1.67	3
surtla	8.33	3
surtur	5.67	3
svaðilmenni	1.33	3
svaki	0.33	3
svamla	1.25	4
svarkur	4.25	4
svarri	10.0	1
svefndrukkinn	1.0	2
sveitakerling	6.25	4
sveitavargur	2.25	4
svertingi	8.5	2
svertingjabrandari	10.0	1
svertingjafingur	10.0	2
svertingjahatur	5.0	1
svertingjamorð	5.5	4
svertingjaþjóð	9.0	5
svigi	2.5	2
svikari	4.67	6
svindlari	3.33	3
svipuhögg	0.0	3
svívirða	2.25	4
svoli	0.0	1
syfjaður	0.0	2
sýknudómur	1.67	3
sýna	0.0	1
synda	0.0	3
syngja	1.25	4
syrpa	0.0	1
taðjarpur	9.0	2
taðláki	6.0	3
taðrambur	5.0	1
taðrantur	5.0	1
taðrass	2.0	4
taðsekkur	6.0	3
tæa	6.6	5
tæfa	8.25	4
tæja	7.5	4
tæling	2.83	6
taggaður	0.0	3
tala	1.12	8
tanntúða	5.0	1
taumlaus	1.0	5
taus	6.33	3
tedrukkinn	1.75	4
tegla	3.75	4
teiknibóla	0.0	3
tékkasvik	3.5	4
tepra	2.67	3
teygða	5.0	2
tík	3.75	4
tíkarsonur	9.0	7
tíkartittur	7.5	8
tilbúinn	3.33	3
tildra	3.0	1
tilefni	1.0	5
tilfinning	5.0	2
tilkynning	0.0	3
tilli	3.0	2
tilnefna	1.43	7
tilvitnun	0.33	6
tímapöntun	2.0	5
timbra	5.0	3
timbraður	0.0	1
tingla	5.0	3
típa	4.0	4
tippi	4.0	2
tirja	5.0	3
tísill	2.0	1
tittlingur	5.0	5
tittur	5.8	5
tjald	1.25	4
tókur	4.8	5
tossi	4.33	3
tötrabassi	5.0	1
trana	5.67	3
trassi	5.25	4
tré	1.67	3
treggáfaður	4.5	2
treglegur	5.0	3
trérófa	3.33	3
trilla	4.0	2
trippa	0.0	1
tröllheimskur	6.0	4
tröllkerling	4.6	5
trúarhatur	0.0	3
trúarnauðung	3.67	6
trúarofbeldi	1.25	4
trúarofsóknir	0.0	2
trúarofstækismaður	3.67	3
trúboðastellingin	2.33	3
truflun	3.75	4
trukkalessa	4.0	3
trúleysingi	1.5	4
trúlofun	1.0	5
trúníðingur	7.0	5
trunta	7.5	2
trúvilla	5.0	3
trúvillingur	8.25	4
tryggingafélag	1.67	3
tuðra	5.5	4
tuðrutjaldur	6.0	2
tuðtrunta	9.5	2
tuðull	6.0	3
tukthúslimur	5.0	1
tungl	1.67	3
turfa	5.0	1
tuska	0.0	4
tuss	8.67	3
tussa	5.0	3
Tussu-	10.0	3
tussuhelvíti	8.0	2
tussulegur	1.0	3
tussusnúður	6.67	3
tvöfaldur	0.0	1
tyggja	0.0	4
týja	3.5	4
typpalingur	4.2	5
typpi	1.2	5
tyrðiltappi	6.5	2
tyrfa	4.0	3
tyrra	4.0	3
tyrta	5.33	3
umboðssvikabrot	2.8	5
umhverfisráðherra	4.5	2
umhverfissinni	2.0	5
umskiptingur	1.4	5
undanvillingur	7.0	4
undanþága	0.33	3
undrandi	1.5	4
upp	0.0	4
uppboð	0.67	3
uppdópaður	5.75	4
upplýsingafulltrúi	0.0	3
uppnefna	4.25	4
uppnefni	4.0	3
uppreisnarmaður	2.5	2
uppskafningur	4.4	5
úrþvætti	3.83	6
úthrópa	5.0	2
útlendingahatari	6.6	5
útlendingur	2.8	5
útmála	0.33	3
útskryppi	6.0	2
útströnd	0.5	2
útsýni	0.83	6
útúrdópaður	2.67	3
útúrruglaður	6.33	3
væfla	4.0	3
væl	4.5	2
væla	3.0	6
vælukjói	5.0	4
vændi	7.5	2
vændisbrot	2.5	2
vændiskaup	4.2	5
vændiskona	8.0	3
vændismál	3.0	1
vænisjúkur	6.0	4
væskill	6.67	3
valdamisnotkun	1.5	2
valdaseggur	0.0	2
valdasjúkur	2.5	4
valdníðingur	3.5	6
valdstjórn	1.5	4
valdstjórnarbrot	1.67	3
vámur	3.75	4
vandarhögg	5.0	1
vandræðaseggur	2.8	5
vangefin/n	9.8	5
vanhyggja	4.33	3
vantrúarseggur	7.2	5
vanvit	6.0	4
vanþroska	4.5	2
varðhaldsrefsing	2.0	4
varðhaldsúrskurður	3.5	2
vargatætla	6.67	3
vargatítla	0.5	2
varkárni	3.33	3
varmenni	2.5	4
vatn	0.0	3
vefsíða	1.0	5
vegna	2.5	4
veipa	3.0	4
veira	0.4	5
veisluþjónusta	2.5	4
veitingastaður	2.5	2
vélrænn	1.2	5
velsæmisbrot	1.0	1
vembill	7.5	2
venjulegur	1.25	4
vepja	6.0	2
verðbólga	10.0	1
verðtryggður	1.83	6
véri	5.33	3
verkfæri	1.75	4
verknaður	0.0	2
verndarsinni	0.0	3
vesaldaraumingi	7.5	2
vesalingur	4.2	5
veski	1.67	3
viðbætur	2.0	5
viðbjóðslegur	6.5	6
viðbjóður	3.0	4
viðræðuhæfur	3.0	1
viðrini	5.67	3
viðurkenning	0.0	5
viðurstyggilegur	4.0	5
villimenn	7.0	4
villingur	4.0	1
villutrúarmaður	5.0	3
víma	3.67	3
vímuefni	0.25	4
vingull	1.67	3
vinnukerling	5.25	4
vinnukona	0.0	2
vinnumarkaður	0.0	3
virðisaukaskattur	0.0	1
virkja	2.5	4
vísifingur	1.25	4
vísindamaður	5.0	1
vitfirringur	5.5	6
vitgrannur	7.0	1
vitleysingur	4.5	6
vitsmunaskortur	5.67	3
víxlverkun	2.0	3
voðaverk	1.2	5
vöðull	4.0	3
völlur	0.0	2
völsungur	0.0	1
vösólfur	5.67	3
Wuhan-veiran	8.0	1
yfirborð	0.0	1
yfirgangsseggur	5.0	1
yfirlætisfullur	4.67	3
yfirlýsing	1.17	6
yndislegur	0.0	3
yngispíka	10.0	1
yrsa	1.67	3
ysja	6.5	2
zíonisti	1.6	5
þausnir	7.5	2
þeytipíka	3.5	2
þingsályktunartillaga	1.25	4
þjáning	2.75	4
þjasi	0.0	1
þjóðaratkvæðagreiðsla	1.67	6
þjóðarmorð	1.5	6
þjóðernisbrot	4.0	2
þjóðernissinni	1.0	2
þjóðníðingur	7.0	2
þjófnaðarbrot	4.0	3
þjóna	1.67	3
þjónustupíka	9.0	5
þjónustustúlka	6.5	2
þjósa	1.0	2
þjösni	8.0	2
þögn	1.67	3
þola	0.0	3
þolandi	2.5	2
þolinmóður	4.67	3
þöngulhaus	7.4	5
þorpari	4.0	1
þorpshálfviti	6.0	5
þorskhaus	4.6	5
þorskur	1.0	3
þráðbeinn	3.75	4
þrælgáfaður	1.0	1
þrælheppinn	4.17	6
þrætudólgur	5.0	4
þráhyggjumaður	2.0	2
þreifandi	3.67	3
þrekmikill	3.0	5
þremillinn	4.0	3
þrifakona	4.29	7
þrjóskupúki	4.0	2
þrjótur	0.0	1
þrolli	9.8	5
þröngsýni	3.67	3
þröngsýnn	1.33	6
þroskahefta geit	9.75	4
þróun	0.0	7
þrustur	8.0	2
þulubrot	1.0	5
þunglyndur	2.0	3
þurrkunta	8.0	1
þurrtrunta	6.4	5
þurs	3.0	1
þvættisbrot	3.8	5
þvengmjór	4.0	5
þverúðarseggur	5.0	1
þvottur	0.0	1
