setning	einkunn	atkvæði
10. maí 1940 réðust Þjóðverjar inn í Holland.	10.0	1
1125 kom borgin Breda fyrst við skjöl og var þá bær.	5.0	1
1342 átti sér stað mikill borgarbruni í Mechelen.	4.33	3
15 framboð voru í boði, þar af 11 sem bjóða fram á landsvísu.	5.0	1
1793 hertók franski byltingarherinn borgina í nokkra mánuði.	9.0	1
1803 sótti Napoleon sjálfur borgina heim.	4.75	4
1815 rauf Belgía sig frá konungdæmi Niðurlanda.	8.0	2
1830 gerðu Belgar uppreisn og lýstu yfir sjálfstæði.	5.0	1
1900 kom upp faraldur í borginni og hún var brennd til grunna.	3.5	2
1926 gekk flokkurinn í Alþjóðasamband jafnaðarmanna.	5.0	1
200 kílómetrar voru í þann bíl.	1.0	1
2010 var Leikfangasaga 3 frumsýnd.	5.0	2
230 dagar eru eftir af árinu.	7.0	2
235 dagar eru eftir af árinu.	5.0	1
26. Landsmót UMFÍ stendur yfir dagana 9. 12. júlí á Akureyri.	3.4	5
28. október 2009 hófst gos í Mayon á ný.	10.0	1
4. til 7. bekkur fór í að reyna að aga börnin til.	5.0	1
Á 6. áratugnum endurbætti Ruben alkalín-mangan rafhlöðuna.	5.0	1
Á 90 mínútum fékk heimsbyggðin trú á knattspyrnu frá Afríku.	7.0	1
Á annan tug hafa verið teknir undir áhrifum.	5.0	2
Aðeins örfá prósent íbúa Kenía borga nokkurn skatt.	2.0	1
Aðeins um 5% svæði fylkisins er hentugt til ræktunar.	4.0	2
Að fara á reiðhjól verður vinsælla í London.	4.0	2
Aðferðin reyndist nothæf á sum vefjasýnin, en ekki önnur.	10.0	1
Á diski 1 eru kaflar 1 - 25 og á diski 2 kaflar 26 - 53 :	7.0	2
Að menn geti gripið til neyðarréttar.	6.5	2
Aðrir listamenn komu einnig upp á yfirborðið.	5.0	1
Að trúa er ávallt fyrsta skrefið í ferðarlagi hetjunnar.	6.5	2
Að því búnu lögðu þremenningarnir leið sína í N1 í Hveragerði.	5.0	1
Æfðu þangað til þér líður eins og þú sért að deyja 10.	5.0	1
Af heildarinnflutningnum eru 30% flutt inn pillað.	0.0	1
Afhverju er hjónaband svona algengt alls staðar í heiminum?	5.0	1
Afhverju er þeim sem vilja játast frammi fyrir guði mismunað?	5.0	1
Aftakabylur var og mikill kuldi - 10° til -20° frost.	2.0	1
Á fyrri tímum var tónlistin mun fágaðri heldur en hún er í dag.	5.0	1
Af þessu leiddi, að hann var sjálfur orðinn brunnur þekkingar.	5.0	1
Ágóðinn á sýningunni fór til norskra og franskra barna.	5.0	1
Á hrygningartímabilinu eru dýrin á grynnra vatni.	5.0	1
Áin á upptök sín í Viktoríuvatni og heitir þar Viktoríu-Níl.	5.0	1
Á Íslandi er óhemju mikið af nýríkum mönnum.	8.0	1
Á Íslandi vex engin annar botnþörungur í eins miklu magni.	4.67	3
Á langkeyrslum eyðir hann rétt um tólf á hundraði.	5.0	1
Alkohólgufan er þéttuð aftur með sérstöðum tækjum.	5.0	1
Alla markaskorara og úrslit dagsins má sjá hér að ofan.	10.0	1
Alltaf að breyta og bæta Tinna lauk náminu árið 2012.	2.5	2
Allt frá nýfæddum börnum uppí harðsvíraða glæpamenn.	5.0	1
Allt snýstu um að vinna hina skólana og vera besti skólinn.	5.0	1
Alsír er land í Norður-Afríku og stærsta ríki Afríku.	5.0	1
Á milli 4.000 tl 6.000 manns sáu leiksýningarnar í hverri viku.	2.5	2
Á morgun fara fram síðari viðureignirnar í 8 liða úrslitum.	3.5	2
Á næstu árum hófu barnasjónvarpstöðvar sýningar á þættinum.	0.0	1
Anna Mjöll Ólafsdóttir ( fædd 1970 ) er íslensk söngkona.	4.0	2
Annar hlutinn lifði fékk tækifæri en hinn ekki.	0.0	1
Á nýlendutíma Spánverja hefur fjallið margoft gosið.	5.0	1
Árið 1430 varð Brabant eign Búrgundar og 1477 Habsborgar.	6.5	2
Árið 1871 varð það 6. hérað Kanada.	10.0	1
Árið 1944 er ritað MCMXLIV í rómverskum tölum	7.33	3
Árið 1952 dvaldist hún og Magnús í París.	3.0	1
Árið 1969 var leikrit hans Verndarengillinn flutt.	10.0	2
Árið 2000 var Mayon gert að þjóðgarði.	7.0	1
Árið 2009 keypti Volkswagen rúmlega 49% hlut í Porsche.	8.0	1
Árin liðu og lokst kom að sjötta bekk.	5.0	2
Árin sem flestir velja sem bestu ár lífs síns.	5.0	1
Ári seinna kom önnur Dirk Gently bók út.	3.0	1
Ári síðar fékk myndin verðlaun sem besta teiknimynd óskarsins.	5.0	1
Árlegar tekjur eru 850 milljónir breskra punda.	6.5	2
Ármenningar sigruðu í 2. deild og færðust upp í þá fyrstu.	5.0	1
Á Sansibar eru aftur á móti 99% íbúanna múslimar.	6.67	3
Á sumrin getur hitinn hinsvegar farið yfir 45 gráður.	4.0	1
Auk Benedikts og Jóns mun Árni Þór Árnason synda.	5.0	1
Auk þess er væg acetonlykt af andardrættinum og mjólkinni.	5.5	2
Auk þess sprang, Pollamót og Þjóðhátíð.	5.0	1
Auk þess sú einfalda staðreynd að fá ferskan markvörð inn.	4.0	2
Austraumar náðu að borginni Legazpi og eyðilögðu heil hverfi.	5.0	1
Á veturnar leitar hún í hlýrri sjó í suðurhluta Norðursjávar.	1.0	3
Bæjarhúsin voru rifin 1965.	7.0	2
Bassatromman er svo spiluð á fyrsta og þriðja slagi.	7.0	1
Bílum komið niður á ströndina og svæðið spólað upp.	2.0	1
Birt með góðfúslegu leyfi SVFR	5.0	1
Bjarni gat ekki leynt því að honum langaði á punktinn.	5.0	1
Boltinn flýgur áfram á ógnarferð.	1.0	1
BOPE liðar hafa hin ýmsu hlutverk og markmið.	5.0	1
Bossa Nova er spilað á 2/4 slagi rétt eins og samba tónlist.	10.0	1
Botswana er líka eitt af dreifbýlustu löndum heims.	6.5	2
Brawn bílarnir eru léttari og gæti verið snarpari af stað.	4.5	2
Breiðablik féll niður í 3. deild.	5.0	1
Breiðablik hafnaði í neðsta sæti og féll í 2. deild.	5.0	2
Breiðabliksstúlkur sigruðu í 2. deild og tóku sæti Ármenninga.	8.33	3
Brönugras hefur fundist allt upp í 2,200 metra hæð.	5.0	2
Brynjar Þór er með 20 stig fyrir og Lewis 20 fyrir gestina.	3.0	2
Búðin gekk vel og rak hún hana í átta ár.	0.0	1
Byggingu hans var lokið árið 1976.	6.5	2
Chas verður öskureiður og eltast við Eli um húsið.	4.33	3
Chas þakkar Royal fyrir að bjarga synunum sínum.	5.0	1
Dæmi eru um slíkt frá þjóðþingum annarra ríkja.	5.0	1
Dæmi um samræmd tákn er t. d. að læra.	1.0	2
Dæmi um svoleiðis hljómsveit voru tildæmis The Monkees.	4.33	3
Dagurinn í dag hafði verið hans dagur.	5.0	2
Danmörk þá er menntaskólinn þar styttri en hér.	0.0	1
Davy rannsakaði aðgreiningu efna ( sem kallað er rafgreining ).	3.0	1
Deaner sex ára strákur sem verður bráðum sjö ára.	4.0	2
Draumar fæðast oft jafnvel meðan að maður er enn barn.	5.0	1
Drög af frumvarpi verða rædd á ríkisstjórnarfundi í dag.	0.0	1
Eftir 14 ára skólagöngu er þessu loksins að verða lokið.	5.0	1
Eftir kaupin leit því út fyrir heilmikla viðgerð.	10.0	1
Eftir klukkutímaleik gerðu Belgarnir tvöfalda breytingu.	5.0	1
Eftirminnilegasti fiskurinn?	4.0	1
Eftir smá stund komu sjúkraliðarnir og lögreglan með.	5.0	2
Eftir það bjuggu frísar á svæðinu.	5.0	1
Eftir það frelsar Lando Leiu, Chewbacca og C3PO.	5.0	2
Ef þau væru of veik mætti svæfa þau fyrir fullt.	2.0	1
Ég ætla að fjalla um merkasta tímamót í mínu lífi.	4.0	2
Ég átti ekki vona á sigri um þessa mótshelgi.	5.0	1
Ég fyrir löngu búinn að ákveða það.	2.5	2
Eggið klekst út á 7 - 8 dögum eftir frjóvgun.	5.0	1
Ég hef ekki ennþá ákveðið mig hvern ég mun aðallega nota.	5.0	3
Ég hef ekki mikla þolinmæði lengur.	6.5	2
Ég hef snúist í hringi á meðan á þessu stríði hefur staðið.	6.0	2
Ég kveikti á krananum og stakk höndunum undir og skvetti á mig.	2.5	2
Ég myndi reyna allt sem í mínu valdi til þess að eignast það.	5.0	1
Ég veit ekki afhverju ég þorði ekki að gefa hann upp.	5.0	1
Ég veit hvað ég myndi gera í annað skipti.	5.0	1
Ég veit það mæta vel að Stúdentspróf er heldur ekki nóg.	2.5	2
Eiga allir sem einn lof skilið fyrir sína frammistöðu.	5.0	1
Ein aðferð biblíódrama er biblíólog.	0.5	2
Eina forna hljóðfærið er mungígan frá Stóru-Borg.	5.0	2
Ein nauðgun var kærð til lögreglunni á Hvolsvelli í nótt.	5.0	1
Einnig eru það tímarnir sem eru sí að breytast.	4.0	3
Einnig hefur brotist út þetta gríðarlega gsm síma æði.	3.0	1
Eins og stendur er stjórnarflokkurinn, CCM, með 93% þingsæta.	5.0	1
Einstaklingurinn öðlast aukna víðsýni og lífsreynslu.	9.0	1
Einungsi tíu stig hingað til frá Íslandi í þriðja leikhluta.	1.5	2
Eitt eiga meðlimirnir sameiginlegt-þeir eru allir fæddir 1979.	5.0	1
Ekkert til í þessu, segir Forstjóri VALITOR.	5.0	1
Ekkert vantar uppá að Raggi sé kampakátur og sigurviss.	10.0	1
Ekki eru þó full vissa fyrir því að Wolin sé Jómsborg.	3.0	2
Ekki frá ríkinu það er alveg á hreinu.	5.0	1
Ekki nema að Heimsstyrjöldin þriðja skelli á.	5.0	2
Eldaskildagi er þennan dag á Íslandi.	5.0	1
Elfstedentocht er líklega eitt þekktasta skautahlaup heims.	7.0	2
Elías Már Ómarssonlék á alls oddi og var besti maður vallarins.	5.0	1
En aðeins sjö árum síðar hófust siðaskiptin í borginni.	7.0	1
Enda er fyrstu afmæli barns í þeirra augum stærstu tímamótin.	2.75	4
Endurbygging borgarinnar tók síðan yfir tíu ár.	5.0	2
En eins og með önnur fíkniefni þá éta þau okkur upp að innan.	5.0	1
En er rétt að taka að framhaldsskólanum?	5.0	1
En hvað vill sjálfur einstaklingurinn gera?	5.0	1
En hver eru helstu rökin með og á móti.	5.0	1
En launaleynd hlýtur að gera eitthvað gott.	5.33	3
Enn aðrir raða orðunum í skringilega röð.	3.0	1
En nú er verkið sjálft hinsvegar einnig horfið.	5.0	2
Enn það er bara ekkert rétt.	2.5	2
En svona útreið?	5.0	1
En þá yrðu vandræði að losna við aðrar afurður svínanna.	3.0	1
En þýðir það þá að við eigum að vera yfirmynda kotroskinn?	5.0	1
Er álagið nú komið nokkuð undir 600 punkta.	6.5	2
Er enginn rígur á milli skóla?	5.0	2
Er leikurinn var gagnrýndur fékk hann 75 til 89 prósentur.	5.0	1
Er með fjarka í silungin.	3.4	5
Eru öll dýrin jöfn en bara sum jafnari en önnur?	7.67	3
Er það rétt að sýna mynd að þessum manni.	3.33	3
Er það vonandi merki um auknar göngur í Langá.	5.0	2
Er þetta fyrsta loftborna íþróttahúsið á Íslandi.	9.0	1
Everton vann Aston Villa 3 - 0 örugglega á heimavelli.	3.0	1
Eyjan tilheyrir nú Póllandi, eða frá 1945.	5.0	1
Eyjan varð handanhafsumdæmi árið 1946 með umdæmisnúmerið 974.	7.0	1
Fáir skilja sverð sitt eftir fyrir vopnabrak.	6.5	2
Fáninn er einfaldlega megintákn skjaldarmerkisins.	5.0	1
Fáninn var þó ekki formlega tekinn upp fyrr en 1952.	5.0	2
Fannst þeir bara leiðinlegri núna.	5.0	1
Faxaflói að innanverðu hafi allur verið ísilagður, ein hella.	5.0	1
Félagið er þekkt fyrir að tefla aðeins fram böskum í liði sínu.	5.0	3
Félagið leikur í íslandsmóti karla í íshokkí.	5.0	2
Ferðaþjónusta er einnig vaxandi atvinnugrein.	7.67	3
Fifty Shades of Grey er ein vinsælasta bók allra tíma.	3.0	1
Fimmta hvert ár eru hátíðirnar stærri en árin á milli.	3.25	4
Fingrafar Sverrir var þó á málinu.	5.0	1
Fisher fæddist í London, Englandi.	5.0	1
Fjallið sem allir vissu hvað hét nema ég.	5.0	1
Fjárfesting er að aukast en er áfram lítil í sögulegu ljósi.	5.0	1
Fjórða stoðin er fastan í ramadan mánuðinum.	5.5	2
Fleiri hljópu þeir fyrir berg, þar sem við þá er kennt síðan.	5.0	1
Flest börn deyja úr svelti, niðurgangi og vatnsskorti.	4.67	3
Flestir búa í hverfunum Japantown og Little Tokio.	7.0	1
Flestir tala mál sem tilheyra málaflokknum sínum.	0.0	1
Flug hefur verið fellt niður og skólum lokað.	9.0	2
Fólk er sífellt, og fjölgar með árunum, að sækja um skilnað.	3.0	1
Fólk verður mishamingjusamt af sama hlutnum.	7.0	1
Forseti ásamt ríkistjórninni fara með framkvæmdarvaldið.	2.0	1
Forsetinn skipar forsætisráðherrann og ríkisstjórnina.	8.0	1
Frá 945 hafði hann jafnframt verið allsherjargoði.	7.0	2
Fram keppti í Evrópukeppni meistaraliða og komst í 2. umferð.	5.0	1
Framstúlkur sigruðu í bikarkeppninni eftir úrslitaleik gegn ÍR.	7.5	2
Framtíð þjóðarinnar er að veði.	8.0	1
Frá og með mars 2011 hefur Apple selt yfir 60 milljónir tæki.	5.0	1
Frásögn þessi er ekki staðfest af neinum samtímaheimildum.	5.0	3
Frá þessu er greint á vef the Washington Post.	8.5	2
Frétt birtist þess efnis birtist á heimasíðu þess í dag.	1.0	1
Funduðu ráðherrar beggja flokka hvort í sínu lagi á föstudag.	3.5	2
Fyrirtækið fékk lóðinni úthlutaðri um þremur vikum síðar.	2.5	2
Fyrir utan það að önnur framtönnin virðist vera brotinn.	4.33	3
Fyrir þá sem ekki vita hver er Savickas?	5.0	2
Fyrri hálfleikur var stjórnað af KR.	0.0	1
Fyrsta hlutverk Steen í sjónvarpi var árið 1983 í Hangin'In.	8.33	3
Fyrsta húsið sem Aalto teiknaði var byggt hér.	10.0	1
Fyrsta kvikmyndahlutverk Atkinson var árið 1993 í Free Willy.	6.67	3
Fyrsta kvikmyndahlutverk Danson er í The Onion Field frá 1979.	2.5	2
Fyrsta kvikmyndahlutverk Day var árið 2001 í Strings.	4.0	2
Fyrsta kvikmynd Pixar kom út 1995 og var dreift af Disney.	5.0	1
Fyrsta plata hennar,, kom út 1996.	1.0	1
Fyrsta sjónvarpshlutverk Janney var árið 1991 í Morton & Hayes.	5.0	1
Fyrsti kaflinn er Allegro-kafli í Sónötuformi.	5.67	3
Fyrst í Sapporo árið 1972 og svo í Nagano árið 1998.	9.5	2
Gengur vel stæðri manneskju vel dags daglega?	9.0	2
Genk on Stage er heiti á útitónlistarhátíð í Genk.	7.0	2
Gera allt sem manni langar til.	5.0	2
Gerir Dóri þetta til að líkjast hasarmyndahetjunniThe Rock.	2.0	1
Gert var að sárum hans á Slysadeild.	6.0	1
Gestirnir í vandræðum með sóknarleikinn sinn.	4.0	1
Geta keypt sér ótal margt sem að manni langar í.	1.67	3
Geyminn er hægt að hlaða 280 sinnum	4.5	2
Gínea-Bissá er land í Vestur-Afríku.	3.0	1
Gjaldmiðillinn, lilangeni, er festur við suðurafríska randið.	5.0	1
Glæsileg sókn og Keflvíkingar voru með 1 0 forystu í hálfleik.	3.0	2
Glanni er leikinn af Stefáni Karli Stefánssyni.	10.0	1
Gólfið fór að nötra og rauður eldur kveiknar og brennir mig.	5.0	1
Gosið sést ekki á vefmyndavélum þar sem ský birgja sýn.	7.0	1
Green Day gaf út plötu þríleik á árunum 2012 og 2013.	1.0	1
Guð skapar mennina, Guð skapar líka homma og lespíur.	3.33	3
Hæðinn upp að þaksperrunni eru 36 metrar.	0.0	1
Hægt er að skoða hönnun Tinnu á heimasíðunni tiaber. com	5.0	1
Hæsti tindur Gíneu er Nimbafjall 1.752 metra yfir sjávarmáli.	4.33	3
Hæun fer fram á því tungumáli sem er talað á hverjum stað.	2.0	1
Halla er góður stjórnandi með lélega hæfileika í samskiptum.	5.0	1
Hamingjan er ekki fólgin í penginum eða eignum.	7.5	2
Handhrærið trönuberin, appelsínubörkin og saltið saman við.	3.67	3
Hann átti tvö ár eftir af samningi sínum við Barca.	9.0	1
Hann dregur djúpt andann og hleypur loftinu hægt út.	9.0	1
Hann ekur næstum á Ari og Uzi en Royal bjargaði þeim tímanlega.	5.5	2
Hann er ætlar að kaupa bjór.	0.0	2
Hann er hellst við botninn eða miðsvæðis í sjónum.	4.0	3
Hann er hinsvegar ekki mótfallinn því að selja leikmanninn.	7.0	1
Hann fékk hjartaáfall á laugardag og náði aldrei að jafna sig.	5.0	1
Hann fór úr axlarlið og var borinn af velli.	10.0	1
Hann gaf það upp á bátinn og fór út í viðskipti.	5.0	2
Hann grátbað þjóðina afsökunar á hörmulegri framistöðu liðsins.	5.0	3
Hann hafði staðið hinum meginn við netið nánast stjarfklofa.	5.0	2
Hann hafi fengið lykla að láni og síðan bolað leigjendunum út.	5.5	2
Hann hefur játað fjöldamorðin.	6.25	4
Hann kunni ekki að stjórna því, beisla og nýta sér.	5.0	1
Hann má heldur engann veginn missa af þessu.	5.5	2
Hann öðlaðist bandarískan ríkisborgararétt 1977.	5.0	1
Hann sækir um vinnu útum allt.	6.0	1
Hann segir litla spreybrúsa geta virkað eins og byssukúlur.	5.0	1
Hann segir það alþekkt að menn skrifi söguna á eigin forsendum.	10.0	1
Hann skrifaði undir samning til 31. janúar 2017 í dag.	5.0	1
Hann skrifar Eli bréf sem segir frá ást sinni fyrir Margot.	3.0	3
Hann spilaði á bandalausan Fender Jazz bass.	3.5	2
Hann vann einnig útgefandi og blaðamaður.	5.0	1
Hann var ennfremur dæmdur til að greiða allan sakarkostnað.	10.0	1
Hann var þá 24 ára gamall og næstelztur átta systkina.	5.33	3
Hans er fyrst getið í Píningsdómi árið 1490.	10.0	1
Harðlega orðað hjá mér en satt.	4.0	1
Harmarshöllin var blásin upp í Hveragerði á laugardaginn.	5.0	1
Haukar sigruðu í 2. deild.	5.0	1
Hefur mest vigtast 71 kg og hæðsti aldur skráður 30 ára.	3.0	2
Heilir mataskar hafa ekki varðveist eldri en frá 19. Öld.	5.0	1
Heilt yfir endaði Ísland með 34.618 stig en Rúmenar 35.532.	2.0	1
Heimili og farartæki víðsvegar verða í hættu.	2.0	1
Heimsaflinn hefur verið um þrjú þúsund tonn síðustu ár.	10.0	1
Heitið finnst þó ekki notað í á prenti fyrr en 1828.	6.0	2
Heitið kemur fyrst fyrir í heimildum frá Bandaríkjunum 1716.	5.0	1
Held að ég hafi séð eina stelpuna úr Nylon á tónleikunum.	5.0	1
Held að hann sé fínn peyji.	2.0	2
Helsta stoð Sádí-Arabíska efnahagsins er útflutningur olíu.	4.0	1
Henni vegnaði vel og seldist hún vel.	3.0	2
Hér að neðan má einnig ljá upprunalegri úr útgáfu lagsins eyra.	3.0	1
Hér á landi er markaðshlutdeild stærstu birgjanna í ríkinu há.	4.0	1
Hér er um nýtt mál að ræða sem vonandi næst um góð sátt.	5.0	1
Hér er vefur Skessuhorn	2.0	1
Hérmá sjá umfjöllum Telegraph um málið	3.67	3
Hérna mun verða fjallað um þetta mál frá ýsmum sjónarhornum.	1.0	1
Herstöð er stöð rekin af her og er í eigu hans.	5.0	1
Hér þýðir Bergen því árbakki.	8.0	1
Heyrst hefur að Íslendingar eru þar.	5.0	1
Hillupláss hættir ekki að verða verðmætt þótt ríkið eigi það.	3.0	2
Hinir sem minna geta mega bara eiga sig.	6.0	2
Hinn 45 ára gamli Smith lék með Raiders frá 1990 til 1997.	8.0	1
Hinsvegar er aðsókn í skemmtigarðinn engu minni en venjulega.	8.5	2
Hjarta Bossa Nova stefnunnar er gítarinn.	7.0	2
HK eru með gott lið og spila svipaðan fótbolta og við.	2.0	1
HK sigraði í 3. deild og tók sæti Keflvíkinga í 2. deild.	7.5	2
HK sigraði í suðurriðli en Dalvíkingar í Norðurriðli.	3.0	2
Hliðarnar eru silfurgljáandi. Kviðurinn er silfurgljáandi.	10.0	1
Hljómsveitinn Acid Kings varð til í Kaliforníu á svipuðum tíma.	2.0	2
Hlutafélag um Orkuskólann Reyst var stofnað í febrúar 2008.	5.0	1
Honum er alveg sama þó að fötin hans skítni út.	5.0	1
Hraðaupphlaup eftir sjötta varða skot Arons Rafns, 15 - 9.	4.0	1
Hraði þeirra mældist mest 126 kílómetra á klukkustund.	8.0	2
Hugtakið tyggigúmmítónlist var sett fram af Kasenetz-Katz.	9.0	1
Hugvit okkar mannana getur verið skaðlegt náttúrunni.	3.0	2
Hún á tvær eldri systur, Shönnu og Stephnie.	5.0	1
Hún er fremur langvaxin rauðbrún á framhlið og hvít á bakhlið.	2.5	2
Hún er samin af Eiríki Laxdal Eiríkssyni ( 1743 – 1816 ).	5.0	2
Hún heitir Herzogenbusch á þýsku og Bois-le-Duc á frönsku.	7.0	1
Hún hluat 41,4% atkvæða en Neves 33,7%.	2.5	2
Hún náðu 13. sæti af 25, með 42 stig.	5.0	1
Hún sagðist alltaf hafa verið hrædd um börnin sín.	7.5	2
Hún segir söngleikinn í uppáhaldi.	6.33	3
Hún vann Grammy-verðlaun fyrir titillag plötunnar, Blown Away.	6.17	6
Hún var fyrsta konan til að verða forseti í Brasilíu.	2.0	1
Hún var systir Ursula Moray Williams, teiknara og rithöfundar.	5.0	1
Húsið er 170 fermetrar. Húsið er byggt árið 1968.	8.0	1
Húsið er 259 fermetrar. Var upprunalega fjós reist árið 1850.	2.0	2
Hvaða bresti merkja menn þar?	8.0	1
Hvaða breytingar má búast við á næstu árum eða áratugum?	5.0	1
Hvað ætli maður svo sjái.	2.5	2
Hvað er frétt og hvað ekki	5.0	1
Hvað er Uppáhalds áin / vatnið þitt?	2.5	2
Hverjir eru uppáhalds veiðistaðirnir þínir?	5.0	1
Hvernig eiga þá neytendur að vita hvort grænmetið sé íslenskt?	4.0	1
Hvort maður á að fara til útlanda, að vinna eða læra.	1.0	1
Í Banff er árlega Banff Mountain Film Festival.	4.25	4
Íbúar Maldíveyja eru tæp 400 þúsund.	9.0	1
Íbúar Mozamique eru 21,8 milljónir og fólksfjölgun þar er 1,8%.	0.0	1
Íbúarnir eru mjög ólíkir innbyrðis.	5.0	1
Íbúar voru vaktir og sendir til að ná í vatn.	5.0	1
Í dag er sjötti bekkur nokkurn veginn búin.	5.0	1
Í Davaó býr fjöldi þjóðabrota, bæði innlendir og erlendir.	5.0	1
Í eystri sigdalinum eru grunn og afrennslulaus vötn.	5.0	1
Í fjölda landa þurfa atvinnuökumenn sérstök ökuskírteni.	4.0	1
Í framhaldi af þvi flautar dómari leiksins leikinn af.	4.5	2
Í fyrra voru kannski þrjátíu erlendir gestir.	10.0	1
Í Genk er ein nýtískulegasta Kart-brautin ( Go-Kart ) í Evrópu.	5.0	1
Í heiðni trúðu menn á líf eftir dauðan þ. e. framhaldslíf.	5.0	2
Í heimstyrjöldinni síðari hertóku nasistar borgina.	5.0	2
Í Ísrael er orðin til endalaus hringavitleysa.	9.0	1
Í júlí 2011 kom út í Brasilíu plata með Q 4U, Best of Q 4U.	5.0	1
Í Kenía velur folk sér bústað eftir gæðum náttúrunnar.	6.5	2
Í ljósi þess að ísl er lítið land	5.0	1
Í lok myndbandsins segir böðull IS að Kassig sé næstur.	5.0	1
Í London búa um 8,5 milljónir ( 2013 ).	5.0	1
Í Lúxemborg eru 44 sveitarfélög, en engar eiginlegar borgir.	5.5	2
Í millitíðinni skal Anna, frænka Lilju, sjá um hana.	8.33	3
Í Mozambique eru töluð um 20 tungumál.	7.5	2
Inn í því eru húsaleigubætur.	5.0	1
In The Ghetto er lag sem Elvis Presley samdi og flutti.	6.5	2
Í öðru lagi getur maður ekki fengið peninga nema að vinna.	5.0	1
iPod touch ( stundum kallaður iTouch ) er tónlistarspilari,.	1.0	2
Í rauninni sé það ekkert á við það sem þeir áttu von á.	5.0	1
ÍR-ingar sigruðu í 2. deild og færðust upp í þá fyrstu.	10.0	1
ÍR og Reynir Sandgerði féllu í 3. deild.	5.0	1
Ísland hefur rekið sendiráð í Mósambík frá árinu 2001.	10.0	1
Íslenskir siðir og menning var ekki til í þeirra orðabók.	1.5	2
Í upphafi hét fylkið Oversticht ( eða bara Sticht ).	6.5	2
Íþróttahúsið er sagt vera vagga handboltans hér á landi.	6.8	5
Jafnframt var hafnað kröfu um að maðurinn sætti geðrannsókn.	5.0	1
Jafnvel þótt mörgum þyki miður, þá er maður eigin gæfusmiður.	9.0	1
Já, menn gerðu það virkilega.	10.0	1
Janney lék fréttaritarann og síðan starfsmannstjórann C.	3.0	1
Japanskir íbúar borgarinnar voru þegar orðnir nær 80%.	8.0	1
Já segja má að framhaldsnám sé mjög mikilvægt í dag.	4.0	2
Jazz in Duketown er stærsta jazzhátíð utandyra í Hollandi.	8.0	1
Jókertöurnar voru 1, 3, 5, 4 og 0.	5.0	1
Jón Arnar Magnússon á Íslandsmetið 8 metra slétta.	2.0	1
Jón Árnason, þjóðsagnasafnari, færði söguna í letur.	9.5	2
Jón matreiðir smá fisk og deilir því svo niður á alla 8.	5.0	1
Jón og unnasta hans rífast öðru hvoru.	4.0	1
Jón Valgerði hugnast ekki þessar hugmyndir.	0.0	1
Jú maður sér sjónvarpshandbókina.	5.0	2
Kaldhæðinn og fjarstæður húmor einkennir myndina.	5.5	2
Kannski að breytingarnar verði ekkert svo miklar.	5.0	1
Kári leyfir henni það og spyr hvort að ég og Tinna viljum líka.	5.0	1
Karneval er haldið í Arlon á hverju vori fyrir páska.	2.5	2
Katla er staðsett suðaustan í Mýrdalsjökli.	5.0	1
Kenía varð sjálfstætt ríki 1963.	6.0	1
Kennd við lækinn Rauðará, sem nú rennur í ræsi undir götunni.	10.0	1
Keppt var í 8 liða deild með tvöfaldri umferð.	8.0	1
Keppt var í fimm liða deild og leikin tvöföld umferð.	4.0	3
Kirkjan var vígð árið 1695. Það tók fjórtán ár að byggja hana.	7.25	4
Kjörhitastigið er 25° C – 30° C	9.0	1
Klaufalegt hjá Rajkovic sem hatar ekki skógarferðirnar.	5.0	1
Klausturhaldi var þó breytt aftur til fyrra horfs 1352.	5.0	1
Klóþang var notað til litunar í Færeyjum.	5.5	2
Kolbrún var kjörin fegurðardrottning Reykjavíkur 1950.	5.0	2
Konunglegt brúðkaup er framundan í furstadæminu Mónakó.	7.5	2
Körin séu ávalt stór sama hve mikið magn hann fái af fiski.	3.0	1
KR féll í 2. deild eftir úrslitaleiki við Breiðablik.	5.0	1
Kunna að meta það að eiga fjölskyldu og ástvini.	5.0	1
Kúnstin til þess að finna lífsgleði er flókin.	1.0	1
Kúrdar hafa hins vegar farið fram á aðstoð frá umheiminum.	7.5	2
Kyle vinnur, að sjálfsögðu, og hann og Jan fagna.	5.8	5
Lægsti punktur fylkisins er í 2 metra yfir sjávarmáli.	5.0	1
Lagið vann Steinar með upptöku- og pródúserateyminu StopWaitGo.	7.0	1
Landið er að miklu leyti hálent, en láglent við strendur.	8.33	3
Lando skutlar Kyle að neðstu hæð Skýjaborg í geimskipi sínu.	3.0	2
Landsvæði Bresku Kólumbíu þekur 944,735 km 2.	3.0	2
Laufey ákvað að kýla á það og samdi við Val út tímabilið.	10.0	2
Leiðin úr Eyjafirði er ennþá lokuð.	7.5	2
Leikarar reyna að afla jafn mikilla tekna og auðið er.	5.0	1
Leikmenn andstæðinganna höfðu einum hlut meira að hugsa um.	5.0	1
Leikmenn Kosta Ríka voru ekki undanskildir.	6.5	2
Lék hún á móti Keanu Reeves í sjónvarpsmyndinni frá 1986.	2.0	1
Líða árin og fer að þyngjast róðurinn hjá litla kall.	5.0	1
Liðið hélt samt áfram og reyndi að klóra í bakkann.	5.0	1
Liðið situr á toppi C-riðils með fjögur stig.	9.0	2
Liðið var í riðli með Sovétríkjunum, Danmörk og Spáni.	5.0	1
Lífið inniheldur ótalmargar ólíkar leiðir.	5.0	1
líf okkar á ekki að vera endalaust.	3.0	1
Líka upp á hættu að veggirnir og skorsteinninn séu að falla.	2.0	1
Loftbyssan óhlaðin og ekki notuð við þjófnaðinn.	2.0	1
Loft-og eldflaugaárásir deiluaðila héldu áfram í dag.	5.0	1
Loftþyngd er mælieining fyrir þrýsting, táknuð með atm.	9.0	1
Löggjafarvald Sádí-Arabíu fylgir Sharia lögum Íslamstrúar.	5.0	1
Lög landsins byggjast á sjaríalögum.	5.0	1
Lónin þjóna bæði stórum vatnsaflsvirkjunum.	8.0	1
Lyfjamál voru helstu fréttaefnin af Myllylä í seinni tíð.	7.0	1
Lyktin er sjúklega hressandi.	5.0	1
Maðurinn var á leið frá Lissabon í Portúgal.	5.0	1
Maður vill nota reynsluna sína til að hjálpa öðrum.	4.67	3
Mammú og Lay Low hita upp fyrir Of Monsters and Men í kvöld.	5.0	2
Manni færri tókst heimamönnum að halda aftan af gestunum.	0.0	1
Margir eltast við það að vera betri en náungin.	2.0	3
Margir óttuðust Japana, enda stjórnuðu þeir með grimmd.	4.5	2
-Margir vildu nota mann, það er rétt, segir Sigurður.	5.0	1
Margot er gift taugasjúkdómafræðingi Raleigh St. Clair.	7.0	1
Mark-aðurinn hrundi 1929 og almenningur tapaði fénu.	2.5	2
Markakóngur var Einar Magnússon, Víkingi, með 100 mörk.	7.0	2
Markakóngur var Geir Hallsteinsson, FH, með 95 mörk.	5.0	1
Markovic er tvítugur og uppalinn hjá Partizan Belgrad.	10.0	1
Mark Webberer fremstur og Rubens Barrichello við hliði hans.	5.0	1
Meðal annars var ein orsök, hækkun á undirmálslánum.	5.0	1
Meðal kennara hans voru P. A. Munch og Rudolf Keyser.	5.0	1
Meðan á því stóð kveiknaði í öðru skipinu og eyðilagðist það.	5.0	1
Meirihluta atkvæðanna 95 þarf til þess að tryggja sér sigur.	9.5	2
Menn sjá mikil tækifæri skapast með nýjum samgöngumannvirkjum.	5.0	1
Merkur áfangi getur til dæmis verið gifting eða jarðaför.	5.0	1
Mesta frost sem mælst hefur var -16,9° C í april árið 1968.	5.0	2
Mestan samdrátt vil ICES hafa í veiðum á norsk-íslenskri síld.	3.0	2
Mest er um að ferðamenn séu í fjöldahjálparstöðvunum.	1.0	1
Mikið af fólki hafði þá safnast saman nálægt Borgarpylsum.	10.0	1
Mikið er af blágreni, hvítgreni og fjallaþini inni í landi.	5.0	1
Mikið hefur verið rætt um jafnrétti á síðast liðnum árum.	7.0	1
Mikill meirihluti íbúa Íraks, eða um 95%, aðhyllast Íslam.	4.0	1
Mikill munur er á menningu nyrst og syðst í Mozambique.	7.0	2
Mikil örvænting er á svæðinu.	5.0	2
Mikil rigning er nú í Hróaskeldu.	5.0	1
Miklar tafir urðu á umferð og tók langan tíma að greiða úr því.	0.0	1
Miklir menningarárekstrar hafa átt sér stað í löndum.	5.0	1
Miserfitt er að hitta ofaní rennurnar.	5.0	2
Mjög mörg mál hafa sömu grunn hugmynd að talningu.	6.0	2
Mótið náði hápunkti í gær og sóttu um tíu þúsund manns mótið.	6.0	2
Mundu bara, stjórnaðu peningunu, ekki láta þá stjórna þér.	3.33	3
Mun hann fylla skarð Glen Johnson sem er farinn til Liverpool.	8.5	2
Mun hann taka sæti Diego Costa sem er á leiðinni til Chelsea.	6.0	3
Myndirnar tóku menn á vegum Landhelgisgæslu Íslands.	10.0	2
Næsta útgefna kvikmynd Pixar var Up.	7.5	2
Nafnið er dregið af arabíska orðinu qibt sem þýðir egypskur.	5.33	3
Nafnið er dregið af arabíska orðinu قمر, tungl.	5.0	1
Nafnið er dregið af bantúmálinu kírúndi.	7.5	2
Nafnið Írak er dregið af fornaldarborginni Úrúk í Súmer.	5.0	1
Nafnið Miðjarðarhaf kemur úr latínu (, miðja +, jörð ).	5.0	1
Napoleon ætlaði að láta rífa hana, en ekkert varð úr því.	7.0	3
Neðri deildin kallast Fulltrúadeildin.	5.0	1
Nefndin tók hinsvegar ekki fyrir öll mál.	5.0	2
Neymar var borinn af velli og fluttur á sjúkrahús.	7.5	2
Neymer segir að draumur hans sé eki á enda.	0.67	3
Nico Rosberg, tilkynnti gírkasavandræði á 29. hring.	3.67	3
Nígería er fjölmennasta land Afríku.	5.0	1
Nokkur slík insligl hafa fundist á Íslandi.	4.0	1
Nú er mínum 4 árum í Verzlunarskóla Íslands senn að ljúka.	5.0	1
Nú hendir maður mjólkufernum sér í rusl og dagblöðum sér.	3.0	1
Núna er þetta það eins sem ég get boðið þér.	5.0	1
Núna var það 9 pundari og 80cm !	5.0	2
Nútildags er byggingin notuð sem sýningaraðstaða og skrifstofa.	7.0	2
Nútríurækt var reynd á Íslandi á 4. áratug 20. aldar.	10.0	1
Nútríur eru með stærri nagdýum.	8.0	1
Nú var komið að því. Prófraun tveggja leikmanna.	5.0	2
Ný fjölmiðlalög verða lög fyrir Alþingi í dag.	0.0	1
Nýsteinöld hófst um 6000 f. Kr.	5.0	1
Obama er með 47% atkvæða í þessum ríkjum á móti 45% hjá Romney.	5.0	2
Ofnotkun þágufalls er nefnd þágufallssýki.	10.0	2
Og ef þú átt allt þetta eða ert þetta þá ertu hamingjusamur.	4.0	1
Og ég sem hef aldrei ráðist á mann.	5.0	2
Og ekki misskilja mig og hugsa um einhver smáatriði.	5.0	1
Og er menntun í raun fjárfesting til framtíðar?	5.0	1
Og má reikna með að konan verði í skýrslutöku í allan dag.	4.0	1
Og systkinin lögðu í morgun af stað á haf út.	10.0	1
Óheyrilegur fjöldi manna um allan heim stundar trúarbrögð.	9.0	1
Ökumenn eiga að hlýða ýmislegum aksturslögum.	2.0	1
Ökumenn skiptu þá á sléttu þurr dekkin.	2.0	2
Olíulindir við ósa Níger hafa fært landinu mikil auðæfi.	10.0	1
Öll þessi atvik voru frekar stutt ( styttri en 10 mín. ).	5.0	1
Opinbera tungumálið í Mósambík er Portúglaska.	2.0	1
Orgelið var byggt árin 1698 – 1700 af Botzon bræðrum.	5.0	1
Orkumálastjóra hafi gerð grein fyrir því.	2.0	4
Öröbum er mjög mismunað um allan heim.	0.0	1
Ótrúlegt atvik kláraði leikinn endanlega.	6.0	2
Óvíst er hvar fundurinn mun fara fram.	8.5	2
Oxunarstig + 7, + 6, + 4, + 2 og - 1 eru þó algengust.	5.0	1
Pakkfult í tólfhundruð manna sal og rosa góð stemming.	4.0	2
Peninginn geymdi hann í Landsbankanum í formi lífeyrissparnaði.	0.0	1
Persónan er þolinmóð og skilningsrík.	5.0	1
Pétur sagði að hann hefði einnig sætt sig við mótor-kross hjól.	6.5	2
Píanó er einnig eitt af undirstöðuhljóðfærunum í Bossa Nova.	5.0	2
Plast og ál eigum við líka að endurnota.	0.0	1
Portúgalir hófu verslun við þetta ríki sent á 15. öld.	5.0	1
Pressuvörn Dana að fara illa með okkar stúlkur þessa stundina.	2.0	1
Ráðuneytið lofaði að fara í málið en það hefur ekki gert neitt.	5.0	1
Rashid Ramzi frá Bahrain sigraði á 3 mínútum 30,25 sekúndum.	5.0	2
Red Bull-bíllinn fór betur með dekkin en Ferrari bíll Alonso.	6.0	2
Reiknað var með miklu af þýska liðinu á heimavelli.	7.0	1
Réunion er því hluti af Evrópusambandinu og Evrusvæðinu.	4.33	3
Richie er undrabarn í tennis og listamaður.	7.0	1
Rífleg úrkoma eða 1,000 mm er yfir árið.	2.0	1
Ríkin búa við bráðabirgða stjórnarskrá sem var sett 1972.	5.0	3
Róleg svo lengi sem ég fékk minn skamt.	5.0	1
RUV segir frá þessu og vitnar í Skessuhorn.	5.0	1
Sama ár gaf hann út fyrstu Latabæjar bókina.	5.0	1
Sam Houston studdi viðbætur við sameinuð ríki Norður Ameríku.	3.0	1
Samkunda Fólksins eða Majlis al Shaab er neðri deild þingsins.	5.0	2
Samkvæmt grænlensku reglunum er mönnum bannað að fæða birni.	5.0	1
Samkvæmt vefsíðunni er rífandi gangur á Þórshöfn þessa daganna.	2.0	1
Sannfæringakraftur hugans nær engum takmörkunum.	4.0	4
Sá sem er grafinn í haugnum lifði áfram þar.	1.0	1
Sá sem fyrstur greindist var faðir barns á leiksskólanum.	8.0	2
Seðlabankinn lækkaði líka innlánsvexti úr 0,25% í 0.	5.0	1
Seinna kemst Richie á undan frá spítalanum og hittir Margot.	2.5	2
Seinna meir þá ættleiddu þau stelpu.	3.5	2
Seinna voru þeim fjölgað í 48 bjöllur.	0.0	1
Sem dæmi má nefna Eminem eða Marshall Bruce Mathers III.	8.0	1
Sem dæmi um þetta er hægt að nefna Morgunblaðið og Dv.	5.5	2
Sendingar fóru út í bláinn og liðið var fljótt pirrað.	5.0	1
Settu eplaedik í morgundjúsinn þinn sem auka orkuskot.	5.0	1
Sé yndi á lífinu ekki til staðar þá er voðin vís.	5.0	1
Síðan breyttist allt-ég fann ástina í lífi mínu.	5.0	2
Síðan hafa ýmsir orðið til að benda á eldri skáldsagnahöfunda.	5.0	1
Síðastliðin nótt ágætlega að sögn lögreglu.	5.0	1
Síðastliðna 12 mánuði nemur hækkunin 5,3% að nafnvirði.	5.0	2
Sigmundur segir það aldrei auðvelt að vera brautryðjandi.	5.75	4
Sigríður Hvers vegna telur þú að þú sért vanhæf í þessu máli?	1.5	2
Sigrún Lilja er hjá ráðgjafaþjónstu félagsins.	5.0	2
Sigur heimamanna í höfn.	8.0	1
Síminn er hvers manns ábyrgð.	5.0	1
Simon hefur hlotið Grammýverðlaun tólf sinnum.	4.0	1
Sjóner sögu ríkari.	5.0	2
Skelin þarf að vera mjúk svo hún geti hryngt.	5.0	2
Skemmtilegast hefur verið að takast á við félgaslífið.	5.0	1
Skjálftinn fannst vel í Hveragerði og Selfossi.	2.5	2
Skógarhögg varð æ mikilvægari grein.	5.0	1
Skólinn minn vann ekkert.	5.0	2
Skólinn rúmar nú 1100 nemendur og samt kvartar engin.	6.0	3
Skora þau á Lego að slíta öll tengsl við Shell.	8.0	3
Skotland hlaut núverandi stöðu sína við sambandslögin 1707.	3.0	1
Skýring London er óviss vegna háttar á sem borgin hefur vaxið.	0.0	1
Smá saman tapar boltinn hæð og hann lendir í netinu.	5.0	1
Smáskífan seldist í meira en milljónum eintaka.	5.0	2
Snjólfur lést 1481.	5.0	1
Sögulega var Malé eyjan þar sem konungar Maldíveyja sátu.	5.0	1
Söngvarinn gaf út plötuna Paula þann fyrsta júlí síðastliðinn.	6.5	2
Spenging átti sér stað á vinnusvæði við Borgartún 7 rétt áðan.	5.0	2
Spíran er byggður úr timbur ramma.	2.5	2
Stefnan var fyrirrennari Reggí tónlistar og Rocksteady.	3.0	1
Steinþór Skúlason forstjóri SS segir einfalda skýringu á þessu.	10.0	1
Sterka áfengið er eins og nammið–það sem búðin vill selja.	0.0	1
Stjórnandi er Ingólfur Guðbrandsson.	10.0	1
Stjórn N. F. V. Í. er skipuð af 10 einstaklingum.	6.0	1
Stjórn N.F.V.Í. er skipuð af 10 einstaklingum.	7.5	2
Stjórn N. F. V. Í. hefur æðsta vald í málefnum félagsins.	5.0	1
Stjörnunni tókst svo að gera útum leikinn á 81. mínútu.	4.0	2
Stolt er því talið vera dauðasind.	0.0	1
Stórt svæði eyðilagðist undir 9m þykku öskulagi.	5.0	1
Stundaði nám við hinn virta skóla í París.	3.0	1
Stuttmyndin fékk óskarsverðlaun í teiknimyndaflokki.	5.0	3
Sú dulargáfa varð mörgum að liði og barg frá ýmsum skaða.	5.0	1
Suðurriðill : Norðurriðill : Fjögur lið kepptu í norðurriðli.	5.0	1
Sum forðast augnsamband, snertingu og vilja oft vera ein.	2.0	1
Sumir endurtaka sömu orðin aftur og aftur.	6.75	4
Sumir íbúanna hafa verið þar síðan þeir voru börn.	5.0	3
Sumum finnst hann ágætur, en öðrum forljótur.	5.0	2
Sunna er það met orðin fljótasta íslenska konan frá upphafi.	5.0	2
Súpa og brauð eru í boði á eftir.	6.5	2
Sú reynsla mun nýtast honum vel í Alcatrazsundinu.	6.0	2
Sú stærsta heitur Carolus og vegur ein og sér 6,4 tonn.	3.5	2
Sú umræða hefur raunar verið í gangi lengi.	5.0	1
Svaraðu fyrir þig !	10.0	2
Sverrir fékk viðurnefnið Sveddi tönn út af tannlýti.	6.0	1
Svo ætla þau út til Ítalíu og klára Masterinn á þremur árum.	3.0	1
Svo ég fer ofan í kirkju og hitti Sigfús Einarsson.	6.5	2
Svo gerði hann, ásamt því að sækja mikið söfn í Kaupmannahöfn.	0.0	1
Svo hef ég alltaf farið í Blöndu og Stóru laxá.	3.0	1
Svona snjóhús var notað í aðeins einn eða tvo daga.	3.5	2
Swabsterinn að gera hið ómögulega.	2.5	2
Syrtlingur stóð mun lengur.	5.0	1
Tablut er leikið á borði með 81 reit eða 9 reitir á hvern kant.	2.5	2
Tækifæri í útlöndum er að fjölga.	5.0	1
Tákn með tali örvar málskilning og málvitund barna.	5.0	1
Tansanía er 31. stærsta land heims.	6.0	3
Tapið er einnig hið versta hjá gestgjafa í sögu HM.	3.0	1
Tekju mikil vinna stuðlar að góðum auð.	1.0	1
Thames-áin rennur gegnum borgina.	5.0	1
The Mahavishnu Orchestra spilaði tónlist í rokkaðri kanntinum.	5.0	1
The Rasmus er finnsk rokkhljómsveit stofnuð 1994.	7.0	2
Thompson fæddist í Richmond, Virginíu.	4.67	3
Til að glöggva á þessu er gott að stilla upp einföldu dæmi.	2.5	2
Til eru margar gerðir Skuldabréfa sem virka á misjafnan hátt.	5.0	2
Til hægri í hvítu röndinni kemur skjaldarmerkið fyrir.	5.0	1
Tillagan þykir ekki nógu hipp og töff.	6.0	2
Til stóð að reisa höllina á laugardagsmorguninn.	4.5	2
Tímarnir í dag af autosport.	0.0	1
Tíminn dugði honum í fjórða sæti.	6.0	1
Tökum til dæmis samræmt stúdentspróf.	4.0	1
Tónlist er eitt mikilvægasta tjáningaform sem mannkynið hefur.	5.0	1
Tónlist - förunatur í dagsins önn.	3.0	1
Tottenham ku einnig hafa verið inni í myndinni hjá Davids.	2.0	1
Tugir hljómsveita troða upp á annarri helgi í ágúst.	7.0	1
Tvær ástæður geta legið að baki þess.	6.0	1
Tvígilt járn er leysist vel upp í vatni en þrígilt ekki.	3.5	2
Uggar eru beittir honum til varnar.	5.0	1
Um 20% íbúa eiga evrópskan, asískan eða blandaðan uppruna.	0.0	1
Um 80% landsins eru í Saharaeyðimörkinni.	9.0	1
Um aldamótin 1900 voru íbúar bæjarins ekki nema 2.500.	5.0	1
Um vorið 1945 voru Bandarískar hersveitir komnar til Mindanaó.	8.0	1
Undir lok 17. aldar var Konungsríkið Búrúndí stofnað af tútsum.	5.0	1
Undir lokin voru svo Fylkismenn æfir og réttilega.	3.0	1
Úrslit fengin af heimasíðu Frjálsíþróttasambands Íslands.	5.0	2
Væntingarnar voru litlar og liðinu var spáð 5. - 6. sæti.	5.0	1
Vá hvað ég var töff.	4.0	1
Valsarar urðu Íslandsmeistarar í karlaflokki og kvennaflokki.	5.0	2
Valsstúlkur urðu Íslandsmeistarar í meistaraflokki kvenna.	3.0	1
Varð að endurtaka þau réttarhöld.	5.0	1
Var vísað í önnun Sambands íslenskra sveitarfélaga.	2.5	2
Vegirnir eru númeraðir frá E 1 og uppeftir.	3.33	3
Veiði einungis á flugu.	5.0	2
Vel að verki staðið hjá Sigurbergi.	5.0	1
Venus hefur þekkst síðan á forsögulegum tíma.	7.0	1
Verði menn varir við ísbjörn beri mönnum að yfirgefa svæðið.	5.0	1
Verið er að þróa nýja gerð rafhlaðna sem kölluð er Power Paper.	5.0	2
Verkalýðsfélagið Framsýn ætlar að bjóða upp á kaffi og meððí.	5.0	2
Verthonghen er miðvörður sem er 25 ára gamall.	3.5	2
Vestmannaeyjar eru oft notuð sem samheiti yfir Vestmannaeyjabæ.	5.0	1
Víðast hvar er jarðvegur grýttur og stutt er niður á hraun.	8.5	2
Viðburðurinn er sjónvarpaður og hefur vakið mikla eftirtekt.	3.0	1
Við erum búin að reyna að selja hver öðrum verðbréf.	0.0	1
Við erum einungis okkar eigin gæfusmiðir upp að vissum mörkum.	4.5	2
Við erum ekki einsdæmi um ósátta þjóð.	5.0	1
Við erum því efstir, lang efstir í fæðukeðjunni.	3.0	1
Við fáum alvöru leik vonandi í lokaleikhlutanum.	1.0	2
Við fengum Tolla félaga okkar til þess að skutla okkur.	5.0	1
Við gerðum þetta vel fyrir utan smá vesen til að byrja með.	5.0	2
Við höfum skaða jörðina gífurlega.	5.0	1
Við jarðarbúar höfum mengað mikið frá okkur í gengum tíðina.	3.0	3
Við lifum á tímum þróunnar og tækninýjunga.	5.0	1
Við náum aftur jafnvægi þegar við snúm þeim fókus við.	5.0	1
Við Portúgalar eru vinaleg þjóð sem hugsar ekki um hefnd.	3.5	2
Við tekur gríðarleg leit af rétta nashyrningnum.	5.0	1
Við viljum ekki selja best mennina okkar.	4.0	1
Við vorum alveg að vera komin að Ártúnsbrekkunni.	5.5	2
Við þekkjum tilfinninguna að vinna og það er mikilvægt held ég.	4.0	1
Víkingar fóru í umspil við næstefsta lið 2. deildar.	7.33	3
Víkingatíminn stóð stutt.	3.5	2
Víkingur fór í umspil við næstefsta lið 2. deildar.	7.5	2
Vínbúðirnar er eru eins og aðrar verslanir.	2.0	1
Vinkonur mínar margar æfa hópfimleika.	3.0	1
Viti menn ég komst inn.	7.5	2
Völsungur féll niður í 3. deild.	10.0	1
Von er á hópi ferðamanna í kvöld sem eru að koma að austan.	3.33	3
Vörn íslenska liðsins verið afar góð og Danirnir eiga fá svör.	2.25	4
Yfirleitt enda þau í allt öðru starfi en þeim dreymir um.	6.0	1
Zoom merkir rönd ( sbr. Saum á þýsku ).	4.67	3
Þá blandaðist smá af pönki við ska.	5.0	1
Það að kunna að meta það sem að maður hefur það er ómetanlegt.	2.5	2
Það er áhyggjuefni að enn búa tíu manns á Kópavogshæli.	5.0	1
Það er alveg klárt að Ganso mun ekki spila aftur fyrir Santos.	5.0	1
Það er ekki gott að fólk, né börn fari inn í húsið.	4.0	1
Það er enginn breyting.	5.0	1
Það er enn í dag eitt mesta fjöldamorð í hollenskri sögu.	1.5	2
Það er fimm manneskjur ( í dómnefnd ) sem eru kannski ósamála.	5.0	1
Það er komið í lok oddalotu í þriðja setti.	5.0	1
Það er lengsta eldgos á Íslandi frá því að sögur hófust.	2.0	1
Það er spurning sem aðeins tíminn getur gefið í ljós.	7.0	1
Það eru alltaf breytingar þótt að þær séu litlar.	5.0	1
Það er þónokkuð veitt af spænskum makríl í heiminum.	5.0	1
Það er því reynst þrautinni þyngra að ákveða hvað velja skal.	2.67	3
Það með splittaðist héraðið Brabant í norður- og suðurhluta.	5.0	1
Það munar að sjálfsögðu um þessi 2 ár.	5.0	1
Það snýst um öryggisbúnað, hraða og almenna aðgæslu.	7.0	2
Það tók kviðdóm hinns vegar aðeins átta mínútur að sýkna hann.	2.0	1
Það var gististaður sem við þurftum að yfirgefa í Sviss.	5.0	1
Það var gleðilegt að fá þessi fínu viðbrögð.	7.5	2
Það var í skólanum sem ég varð fyrst skotin í stelpu.	8.0	2
Það var svona spurningamerki hvað vð sæjum yfir vetrarmánuðina.	4.0	1
Það var um það leyti er átökin hófust í Írak árið 2003.	5.0	1
Það verður hins vegar ekki litið framhjá ákvörðun van Gaal.	5.0	1
Það vissi enginn hvað hann átti að segja.	5.6	5
Það þarf ekki löglærða menn til að sjá það.	5.0	1
Það þyrfti að vinna að ötulli kennslu í tímatöku.	1.0	1
Þá er algengt að slegið sé á hi-hat og á kantinn á snerlinum.	8.5	2
Þá er ekki vitað um skemmdir á rútunni.	5.0	1
Þá hafa skuldir félagsins hafa lækkað um 3.4 milljarða.	0.0	1
Þá hefur brennisteinslykt fundit af ánum.	5.0	1
Þá hinsvegar tóku FH-ingar aftur við sér og skoruðu annað mark.	4.33	3
Þá kom vegfarandi að mönnum við veiðar í Fossinum.	5.0	1
Þang eins og klóþang er víða nytjað til alskonar framleiðslu.	5.0	2
Þann 1. september árið 1905 varð Alberta að fylki innan Kanada.	5.0	1
Þannig er í raun lífið er fullt af tímamótum góðum og slæmum.	5.0	1
Þannig hafa þjóðflokkar, líkt og þjóðir, stofnunargoðsögn.	7.0	1
Þar af eru 85% Sómalir sem flestir búa í norðurhlutanum.	7.0	1
Þar af leiðandi opnum vði okkur meira.	7.0	1
Þar eiga þeir að leika listir sínar þar á meðal galdra.	5.0	1
Þar eru góðar jarðir og nægileg úrkoma til að stunda akuryrkju.	7.67	3
Þar heitir Dufþaksskor, er hann lést.	8.0	1
Þar má nefna hljómsveitina Wham !	5.0	2
Þarmeð áætlar Kyle að fara í Skýjaborg.	3.0	3
Þarna fundust einnig tveir naglar.	6.67	3
Þarna geta peningarnir einnig verið eru stöðutákn.	4.5	2
Þarna myndi sér flokkast sem óþægindafall.	5.0	1
Þar segir að talið er að einkaneysla hafi aukist um 1,7%.	6.0	1
Þar segir Darth Vader Luke að hann sé faðir hans.	1.0	1
Þar segir hann hafa átt góðar og slæmar stundir.	5.0	1
Þar tapaði liðið fyrir vestur-Þýskalandi í úrslitum.	5.0	1
Þar voru þau búsett til 1929 er þau fluttu til Reykjavíkur.	10.0	1
Þá segir Eyrún að lögreglan búi við breyttan veruleika í dag.	10.0	1
Þátturinn er síðan endursýndur kl. 21 : 45 i kvöld.	6.5	2
Þau eru föst á sama stað í lífinu og komst ekkert áfram.	6.33	3
Þau hafa fyrir löngu tekið út sína refsingu.	7.0	2
Þau hitti hokkí-liðið í bænum og tóku örstuttan leik með þeim.	0.0	1
Þau höfðu hraðara viðbragð og hærri nýtnistuðul.	5.0	1
Þau náðu 12. sæti af 24, með 45 stig.	5.0	2
Þau segja að læra verði af mistökum fortíðar.	10.0	1
Þau segja hvert öðru frá ást sinni og kyssast.	5.0	2
Þau söknuðu að finna fyrir ást og umhyggju.	9.0	1
Þau tilkynntu síðan um ferðir dýrsins.	5.0	1
Þau voru hinsvegar heil á húfi, en var illa brugðið.	5.0	2
Þá var hins vegar of mikill vindur til verksins.	7.5	2
Þeir byrjar hinsvegar nánast aldrei saman inná vellinum.	1.67	3
Þeir eru á milli tíu og tuttugu, segir hann.	10.0	1
Þeir eru fyrst og fremst í Oman.	5.0	1
Þeir eru rúmlega 40 cm að hæð.	5.5	2
Þeir sem ná að læra málið geta notað það á sérkennilegan hátt.	7.0	1
Þeir urðu felmtsfullir, og hljóp sinn veg hver.	8.0	1
Þeir vakna á sjúkrabeði það sem Ófeigur fagnar þeim vel.	5.0	1
Þeir þurfa enga hjálp frá okkur til þess að vinna leikir.	5.0	1
Þekktastur orðaþríhyrninga er eflaust Abrakadabra.	3.0	1
Þessi ár komu fram með stíl sem enn í dag er hljóðritaður.	5.0	1
Þessi athöfn var svo bönnuð á siðari hluta 5. áratugarins.	0.0	2
Þessi nýi leiðtogi kallaðist Imam.	3.0	1
Þessi samtöku voru í nánum tenglsum við Íhaldsflokkinn.	1.0	1
Þessum hátíðum fylgja gríðarlegt álag fyrir lögreglunnar.	1.67	3
Þetta ein skelfilegustu flóð í manna minnum á þessu svæði.	0.0	1
Þetta er bara kúl.	2.0	1
Þetta er bara slúður af verstu tegund og ekki svaravert.	7.5	2
Þetta er búið að vera sjúklega mikið ferðalag.	1.0	1
Þetta er einskonar tröppugangur.	5.0	1
Þetta er engin meistaraheppni.	8.0	3
Þetta er örlítil lægra hlutfall en á undanförnum tveimur árum.	5.0	2
Þetta er rosalega mikið haltu mér slepptu mér.	2.5	2
Þetta er skoðun manna enn þann dag í dag.	10.0	1
Þetta eru jú, bestu ár lífsins.	5.0	2
Þetta eru svokallaðar MP3 skrár sem að þú getur sókt á netinu.	2.5	2
Þetta er vægast sagt undarleg ráðstöfun, sem við fordæmum.	10.0	1
Þetta er val sem hver verður að svara fyrir sjálfan sig.	0.0	1
Þetta gefur kirkjunni sérkennnilegt útlit.	9.0	2
Þetta hefur legið fyrir í mörg ár?	0.0	1
Þetta kemur fram á heimasíðu skíðasambands Íslands.	10.0	1
Þetta kemur fram á vefsíðu Hagastofunnar.	1.67	3
Þetta kemur fram í tilkynningu frá almannavörnum.	7.5	2
Þetta kom fram í hádegisfréttum RUV.	10.0	1
Þetta lífgar upp á fjölbreytileikann í matmenningu Íslendinga.	4.0	1
Þetta reyndust vera stærsta kolasvæði Belgíu.	3.5	2
Þetta sagði Assad í viðtali við þýskan fjölmiðilinn ARD í dag.	5.0	1
þetta sagði einhver frægur maður sem ég man ekki hver er.	8.0	1
Þetta segirRagnar Aðalsteinsson, hæstaréttarlögmaður.	0.0	1
Þetta staðfesti Heimir Guðjónsson, þjálfari FH, við Vísi.	9.5	2
Þetta staðfesti Suður-Afríska frjálsíþróttasambandið í dag.	4.0	1
Þetta sýnir ný athugun sem Umferðarstofa segir frá.	8.0	1
Þetta var allt annða.	5.0	1
Þetta var árið 1991, en þá var Mustafa sjö ára gamall.	6.33	3
Þetta var sautjánda bókin í íslensku ritröðinni	5.0	2
Þetta vekur þó mis mikla lukku ökumanna.	5.0	1
Þetta voru bæði verslunar, geymslu – og íbúðarhús.	4.33	3
Þetta þýðir á íslensku : æskunni er sóað á hina ungu.	5.0	1
Þið tókuð kannski eftir því að ég sagði stofnum.	6.0	2
Þingið getur fellt úr gildi þessi lög.	3.0	1
Þingið hefur samt í raun enginn völd.	0.0	1
Þjóðfélagið í dag er allavega að þróast í þessa átt.	8.0	1
Þjóðsagnasafn Jóns Árnasonar.	5.0	2
Þór Akureyri sigraði í 2. deild og tók sæti ÍBK.	9.0	1
Þór Vestmannaeyjum féll í 3. deild.	2.0	1
Þótt hörkuerfitt sé vinnur Kyle Galak Fyyar.	1.0	1
Þrotlaus vinna og menntun liggur að baki þessum hlutum.	5.0	2
Þróttur fór í umspil við næstefsta lið 2. deildar.	5.0	1
Þurrkatíminn er kaldari og nær hann frá apríl til september.	9.0	1
Því betur fer er það alls ekki rétt.	1.0	2
Því eins og staðan er í dag, þá vill ég ekki hætta.	4.0	2
Því er hér ekki um neina smásmíð að ræða.	5.0	1
Því getur samkynhneigði ekki verið andstætt Guðs vilja.	4.0	2
Þvílík spenna í DHL-höllinni.	5.0	1
Því næst kom ingvaldur Ásgeirsson með tæpar 14 milljónir.	4.0	3
Því verði að telja að eldstöðin sé tilbúin í gos.	6.0	3
Þyrlan lenti síðan í Reykjavík á sjötta tímanum.	5.0	1
