orð	samheiti	samþykkt	hafnað
60 sekúndur	mínúta	2	0
aðili	manneskja	4	2
aðili	félagi	2	1
aðili	þátttakandi	1	1
aðili	maður	4	2
aðili	persóna 	4	0
aðili	fyrirtæki	1	4
aðili	manneskja 	3	3
aðili	einstaklingur	7	1
aðili	hlutdeildarmaður	7	0
aðili	hlutaðeigandi 	3	1
aðstoða	hjálpa	1	0
ætla	plana	1	1
ætla	stefni að	3	0
ætla	mun	0	1
ætla	að fara 	1	8
afhenda	skila	6	1
afhenda	droppa	2	3
afhenda	færa	2	1
afhenda	gefa	4	1
afhenda	láta fá	5	0
afhenda	veita	4	1
afhenda	skila af sér	0	2
afhenda	rétta	2	1
aflífa	drepa	3	0
aflífa	stúta	5	0
aflífa	slátra	2	1
aflífa	kála	7	1
aflífa	myrða	3	1
afllífa	deyða	2	0
afllífa	murka	1	0
afllífa	myrða	1	1
afllífa	deyja	0	1
afllífa	drepa	2	0
aftan	kvöld	5	2
ágirnast	vilja	0	2
áhugamaður	amatör	2	0
aldin	ávöxtur	0	1
aldraður	gamall	4	0
aldraður	hrumur	2	0
álit	skoðun	2	0
álita	telja	1	0
álita	hugsa	0	2
álíta	trúa	1	0
álíta	halda	3	0
álíta	þykja	1	0
álíta	telja	1	0
álíta	finnast	2	0
alþekktur	heimsfrægur	2	0
andast	deyja	3	0
annálaður	þekktur	2	0
annálaður	alræmdur	1	0
ár	jarðarhringur	0	1
árás	atlaga	1	0
arka	labba	1	0
arka	feta	0	1
armur laganna	lög og regla	0	3
armur laganna	lagakerfið	0	1
armur laganna	löggann	1	1
armur laganna	lögin	1	1
áskotnast	komast yfir	3	0
áskotnast	hljóta	3	0
áskotnast	fá	6	0
áskotnast	öðlast	1	0
áskotnast	hlotnast	2	0
áskotnast	eignast	8	0
átök	rifrildi	1	2
átök	stríð	2	1
átök	ágreiningur 	1	0
átök	áflog	1	0
átök	slagsmál	0	1
atorkusamur	velvirkur	0	1
atorkusamur	duglegur	2	0
atorkusamur	ötull	1	0
auður	peningur	3	0
auður	ríkidæmi	10	0
aur	seðill	0	1
aur	peningur	4	0
aur	mynt	0	2
aur	fjármagn	3	0
aur	monnís	1	0
aur	gjaldmiðill	1	0
aur	auður	3	3
aurar	klink	1	1
bæta	endurbæta	4	2
bæta	auðga	6	1
bæta	efla	3	2
bæta	betrumbæta	3	0
banki	peningastofnun	5	0
banki	fjármálafyrirtæki	5	2
banki	fjármálastofnun	1	0
banki	lánastofnun	7	1
barn	kríli	6	0
barn	ungi	4	1
barn	smábarn	4	2
barn	ungviði	2	1
barn	kornabarn	3	3
barn	krakki	10	0
barn	afkvæmi	3	0
barn	gríslingur	3	1
barn	smákrakki	4	1
barn	rollingur	2	0
benda	vekja athygli á	6	1
benda	flækja	3	4
benda á	skýra	3	5
benda á	útskýra	4	2
benda á	láta vita	2	2
bifreið	bíll	8	0
bifreið	sjálfrennireið	6	0
bíll	dreki	1	2
bíll	kaggi	7	1
bíll	drusla	4	2
bíll	sjálfrennireið	6	0
bíll	ökutæki	10	0
bíll	bifreið	12	0
bílræfill	skrjóður	3	0
bílræfill	hræ	2	1
bílræfill	bíll	2	2
bílræfill	flak	1	1
bílræfill	drusla	4	1
birta	sýna	3	1
blæða 	borga	2	2
blæða 	dreyra	1	0
búa	lifa	4	2
búa	dvelja	9	1
búa	vera búsettur	8	0
búa	eiga heima	8	0
búa til	laga	0	1
búa til	útbúa	2	0
búa til	hanna	0	1
búa yfir	hafa	5	1
búa yfir	geta	5	1
búa yfir	eiga	6	1
búa yfir	hafa vald á	4	2
búa yfir	ráða yfir	4	4
búinn	klár	2	2
búinn	lokinn	2	1
dagur	dægur	4	1
deild	angi	0	2
deild	hluti	1	2
deyja	farast	3	1
deyja	andast	2	0
deyja	látast	2	0
deyja	sálast	1	0
digur	feitur	8	0
digur	holdugur	5	1
dilkur	sauðfé 	3	1
dilkur	rétt	1	1
dilkur	flokkur	2	0
dilkur	lamb	4	1
dilkur	kró	3	0
djobb	vinna	5	0
djobb	hlutverk	0	2
djobb	starf	5	1
djobb	starfi	0	1
doka	staldra	2	0
doka við	staldra við	1	0
drepa	aflífa	8	0
drepa	kála	3	0
drepa	myrða	6	1
drepa	stúta	3	0
drepa	kyrkja	0	5
drepast	deyja	2	1
drós	kerla	1	1
drós	kona	1	0
drós	meyja	1	1
drusla	bíll	2	3
drusla	bílræfill	4	1
dvelja	dveljast	4	0
dvelja	gista	4	2
dvelja	verja tíma	7	0
dvelja	doka	2	0
dvelja	staldra við	8	0
dvelja	vera	2	1
dvergvaxinn	smár	1	1
dvergvaxinn	lítill	1	0
eiga samtal	ræða	4	1
eiga samtal	diskútera	6	2
eiga samtal	röfla	0	1
eiga samtal	rabba	1	1
eiga samtal	tala	4	1
eiga samtal	spjalla	3	0
eignast	áskotnast	5	0
eignast	kaupa	3	7
eignast	öðlast	3	1
eignast	fá	7	0
eimreið	lest	1	0
einstaklingur	persóna	2	1
einstaklingur	maður	2	2
einstaklingur	náungi	6	2
einstaklingur	aðili	5	0
einstaklingur	gaur	2	2
endapunktur	niðurstaða	2	3
endapunktur	lokapunktur	5	1
endapunktur	endir	1	1
endapunktur	mark	4	0
endapunktur	lokamark	4	1
endapunktur	markmið	4	2
endapunktur	lok	5	0
endurbæta	styrkja	3	2
endurbæta	betrumbæta	4	0
endurbæta	auðga	3	1
endurbæta	efla	4	3
endurbæta	lagfæra	6	0
erfiður	flókinn	7	0
erfiður	torleystur	5	1
erfiður	harður	6	4
erfiður	strembinn	7	0
erfiður	þungur	2	2
erfiður	torveldur	1	0
erfiður	snúinn	5	0
eyðileggja	rústa	2	0
eyðileggja	skemma	2	0
eyðileggja	bramla	4	2
fá	öðlast	5	0
fá	eignast	2	1
fá	taka	1	4
fá	taka við	6	0
fá	afla	3	2
fá	yfirtaka	1	2
fá	áskotnast	4	0
fá	hljóta	6	0
færa	flytja	5	0
færa	hnika	3	1
færa	mjaka	3	0
færa	drösla	2	0
færa	ýta	1	2
færa	gefa	1	0
fákur	drösull	1	0
fákur	hestur	1	0
fara	ferðast	0	2
fara	kveðja	2	2
fara	yfirgefa	1	0
fara	skunda	1	1
fara	fjarlægja sig	3	3
fara	koma sér	2	0
fara	skjótast	2	1
fara	burtgengin	6	2
fara	fjarlægjast	3	3
farga	eyða	1	0
fatta	uppgötva	5	0
fatta	komast að	2	0
fatta	finna út	5	0
fé	sauðfé	1	0
fé	peningar	8	0
fé	fjármunir	3	0
fé	lamb	2	1
fé	skotsilfur	2	1
feitur	digur	5	0
feitur	hlussuvaxinn	2	2
feitur	bolla	5	0
feitur	þykkur	2	1
feitur	þybbin	2	0
feitur	stór	1	3
feitur	stórvaxinn	4	1
félag	félagskapur	1	4
félag	hópur	1	0
félag	fyrirtæki	4	1
félag	klúbbur	5	2
félag	hlutafélag	7	1
félagi	vinur	0	1
fínn	flottur	2	0
finna	uppgötva	4	3
finna út	átta sig á	4	0
finna út	skilja	4	1
finna út 	skilja	1	0
finna út 	komast að	3	0
firma	stofnun	1	0
firma	fyrirtæki	2	0
firma	félag	1	0
fjalla um	umfjöllun	4	4
fjalla um	kenna	1	4
fjalla um	skýra	1	3
fjalla um	lýsa	0	1
fjalla um	tala um	1	1
fjalla um	spjalla um	2	2
fjalla um	ræða um	2	2
fjalla um	umræður	0	2
fjalla um	kynna 	0	1
fjalla um	fræða	1	2
fjalla um	gera grein fyrir	1	0
fjalla um	ræða 	1	2
fjalla um	útskýra	1	1
fjárfesta 	eignast	0	2
fjárfesta 	kaupa	5	0
fjarlægja sig	hætta	0	2
fjarlægja sig	segja sig úr	0	1
fjármálastofnun	innlánastofnun	1	2
fjármálastofnun	peningaapparat	3	0
fjármálastofnun	banki	3	0
fjármálastofnun	fjármálafyrirtæki	2	1
fjármálastofnun	sparisjóður	1	2
fjármunir	sjóður	0	1
fjármunir	verðmæti	2	1
flokkur	dilkur	2	0
flytja	færa	2	0
flytja	renna	0	3
fólk	manneskjur	7	0
fólk	aðilar	7	1
fólk	mannverur	4	0
fólk	menn	11	0
fólk	persónur	1	0
fólk	fingraför	0	6
fólk	mannfólk	6	0
forn	gömul	1	1
fræða	kenna	5	0
fræða	upplýsa	3	0
fræða	útskýra	6	0
fræða	tjá	0	5
fræða	segja 	2	1
fræða	uppfræða 	3	0
fræða	uppfræða	2	0
frægur	kunnur	5	0
frægur	þekktur	10	0
framkvæma	hrinda í framkvæmd	1	1
framkvæma	láta verkin tala	1	0
framkvæma	gera	1	0
fremstur	efstur	1	2
fremstur	leiðandi	1	1
fremstur	leiðtogi	2	2
fremstur	forystusauður	2	2
fremstur	bestur	2	2
fremstur	fyrstur	7	0
frumlegur	nýstárlegur	0	1
fúlga	sjóður	2	1
fúlga	fylli	1	1
fúlga	fjársjóður	1	2
fúlga	ofgnótt	1	0
fyrirtæki	firma	6	1
fyrstur	efstur	5	1
fyrstur	fremstur	4	0
gá	líta	1	0
gæta	passa	1	0
gáfaður	klár	1	0
gáfaður	vitur	1	0
gáfumenni	nörd	0	1
gáfumenni	spekingur	2	0
gáfumenni	vitringur	1	1
gamall	roskinn	8	1
gamall	forn	2	0
gamall	aldraður	7	0
gamall	aldin	2	4
ganga	dragnast	1	3
ganga	labba	6	0
ganga	arka	5	0
ganga	rölta	4	0
ganga	læðast	0	2
ganga	stíga	2	2
ganga	trítla	7	2
gata	vegur	2	0
gaumgæfa	hugsa um	2	0
gaumgæfa	hugleiða	2	1
gaumgæfa	doka við	0	3
gaumgæfa	gefa gaum að	1	0
gaumgæfa	velta fyrir sér	1	1
gefa	láta af hendi	10	0
gefa	veita	8	1
gefa	afhenda	4	0
gefa	bjóða	4	3
gefa	láta	6	1
gefa til baka	skila	1	1
gella	stúlka	0	3
gella	stelpa	1	1
gella	pía	1	1
gella	kona	1	1
gera	leiðbeina	0	1
gera	starfa	0	2
gera	verkstýra	1	2
gera	vinna	1	2
gera	skapa	1	0
gera grein fyrir	lýsa	0	1
gera grein fyrir	segja frá	1	1
gera grein fyrir	útskýra	1	1
gerð	útgáfa	2	0
gerð	tegund	2	0
geta	kunna	1	2
geyma	fela	0	5
geyma	varðveita	5	0
geyma	leyna	2	3
gífurlegt	mikið	1	0
gífurlegt	rosalegt	1	0
gífurlegt	ofsalegt	1	0
gista	heimsækja	0	5
gista	dvelja	6	3
gjaldmiðill	aurar	5	1
gjaldmiðill	greiðslufé	2	2
gjaldmiðill	peningar	4	2
gjaldmiðill	krónur	3	1
gjaldmiðill	skiptimynt	3	2
góður	hugulsamur	1	2
góma	handtaka	0	2
góma	ná	5	0
góma	handsama	6	0
góma	krækja í	4	0
gömul	öldruð	1	0
gríðarlegt 	svakalegt	2	0
gríðarlegt 	ofboðslegt	1	0
gríðarlegt 	rosalegt	3	0
grúppa	bálkur 	1	2
grúppa	flokkur	6	0
grúppa	hópur	2	0
grúppa	benda	0	1
grúppa	samansafn	4	1
gúddera	staðfesta	1	2
gúddera	taka í sátt	4	0
gúddera	samþykkja	3	0
gúddera	viðurkenna	1	0
hægur	seinn	5	2
hægur	latur	2	6
hafa	eiga	7	0
hafa	búa yfir	3	1
hafa	ráða yfir	5	4
hafa	hampa	0	2
hafa tök á 	ráða við	3	0
hafa vald á	geta	4	1
hafa vald á	hafa tök á	4	1
hafa vald á	ráða yfir	7	0
hafa vald á	þekkja	4	4
hafa vald á	kunna	5	0
hafa vald á	ráða við	2	0
hafa vald á	vita	2	4
halda	álíta	8	0
halda	geyma	5	1
halda	festa	2	1
halda	trúa	3	5
halda	bera	1	0
halda	giska	3	3
halda	ímynda	2	1
halda	hugsa	0	3
halda	taka	0	4
halda	telja	5	1
halda	gæta	1	4
hálfleikur	hvílarhlé	1	4
hálfleikur	pása	6	3
hálfleikur	hlé	7	1
hálfleikur	lékhlé	4	8
heimsækja	tilfara	0	1
heimsfrægur	heimsþekktur	3	1
heimsfrægur	frægur	4	2
heimsfrægur	þekktur	4	1
heimsþekktur	frægur	3	0
heimsþekktur	heimskunnur	3	0
heimsþekktur	heimsfrægur	3	0
heimsþekktur	kunnur	5	2
heimsþekktur	alþekktur	4	3
heppnast	takast	1	0
heppnast	lukkast	3	0
hestur	kaplar	1	2
hestur	hross	8	0
hestur	blakkur	0	4
hestur	meri	1	0
hestur	folald	0	2
hestur	fákur	9	0
hestur	klár	4	0
hestur	drösull	3	0
hestur	jór	3	0
hestur	foli	1	0
hlé	pása	6	0
hljóta	eignast	2	0
hljóta	fá	1	0
hlussuvaxinn	stórbeinóttur	0	1
hlussuvaxinn	tröllvaxinn	0	1
hlutafélag	fyrirtæki	3	2
hlutafélag	firma	6	1
hlutafélag	rekstraraðili	2	3
hlutafélag	markaðsaðili	1	4
hlutdeildarmaður	samsekur	1	0
holdugur	digur	8	0
holdugur	mikill	5	2
holdugur	feitur	5	0
holdugur	skinnsamur	0	2
holdugur	þykkur	2	1
höndla	valda	3	4
höndla	ráða við	7	0
höndla	hafa tök á 	2	0
höndla	versla	2	1
höndla	hafa vald á	6	1
hópur	teymi	6	0
hópur	grúppa	11	1
horfa	sjá	1	0
horfa	glápa	1	0
horfa	gá	1	2
horfa	góna	2	0
hross	tryppi	3	2
hross	hestur	4	0
hross	klár	5	1
hross	hryssa	3	1
hross	jór	2	0
hross	jálkur	2	1
hugsa	pæla	1	0
hugsa	finnast	0	1
hugsa	hyggja	1	0
hundur	seppi	6	0
hundur	hvutti	4	0
hundur	rakki	3	0
iðka	leggja stund á	1	0
iðka	stunda	3	0
illskiljanlegur	erfiður	4	0
illskiljanlegur	óskiljanlegur	2	1
illskiljanlegur	krefjandi	2	3
illskiljanlegur	flókinn	3	0
illskiljanlegur	óskýr	3	0
innlánastofnun	banki	2	1
jafna sig á 	læknast	1	0
jafna sig á 	batna	1	0
jór	hestur	2	0
jór	klár	1	0
kafli	spottakorn	0	2
kafli	spölur	2	0
kafli	spotti	2	0
kafli	kapítuli	2	0
kaggi	tunna	5	3
kaggi	bifreið	1	1
kaggi	bíll	5	1
kaggi	eimreið	3	1
kaggi	brummi	2	2
kála	bana	1	0
kála	enda	0	2
kála	farga	2	0
kála	drepa	2	0
kála	stúta	4	0
kála	murka lífið úr	0	1
kála	deyða	4	1
kála	myrða	2	0
kála	slátra	0	1
kaplar	snúrur	3	0
kaplar	strengir	4	0
karl	maður	4	0
karl	karlmaður	2	0
kaupa	splæsa	3	2
kaupa	fjárfesta í	4	0
kaupa	versla 	2	2
kaupa	fjárfesta 	1	0
kaupa	panta	1	3
kaupa	eiga viðskipti	1	0
kaupa	verlsa	4	4
kenna	fræða	6	0
kerla	kona	1	0
kerra	vagn	1	0
kindur	rollur	1	0
klár	snjall	1	0
klár	vitur	2	0
klár	vel gefinn	2	0
klár	sniðugur	0	2
klár	gáfaður	1	0
klúbbur	lið	2	1
klúbbur	teymi	0	1
klúbbur	liðsheild	2	3
klúbbur	félag	5	1
klúbbur	hópur	2	1
klúbbur	skemmtistaður	2	1
koma	heimsækja	1	1
koma	mæta	9	3
komast að	fatta	2	0
komast að	uppgvöta	2	2
komast að	finna út 	1	0
komast að	uppgötva	2	0
komast yfir	áorka	0	1
komast yfir	afreka	0	1
komast yfir	jafna sig á 	1	0
kona	sprund	2	0
kona	kvinna	8	1
kona	dama	7	0
kona	fljóð	12	0
kona	man	10	0
kona	kvenndi	6	1
kona	kvenmaður	12	0
kona	frú	7	0
kornabarn	nýburi	1	1
kraftalegur	sterklegur	2	0
krakki	rollingur	1	1
krakki	barn	3	0
krakki	unglingur	0	1
krakki	ungi	0	1
krakki	dvergur	0	2
krakki	ungviði	1	1
krakki	ungmenni	2	0
krass	krot	2	0
krefjandi	erfitt	1	0
krefjandi	erfið	1	0
kríli	angi	1	0
kríli	lítill	0	1
kríli	barn	1	0
kró	krubba	1	0
kröftugur	öflugur	2	0
kröftugur	sterkur	1	0
króna	gjaldmiðill	2	4
króna	peningur	1	0
króna	mynt	3	1
krot	krass	2	0
kunnur	þekktur	4	0
kunnur	þekkja	2	2
kunnur	frægur	6	1
kvöld	aftann	1	0
kvöld	aftan	6	0
kyrkja	kæfa	1	2
kyrkja	þrengja að hálsi	2	1
labba	rölta	3	0
labba	arka	6	1
labba	ganga	5	1
labba	labba	5	0
læðast	pukrast	3	1
læðast	tipla	4	1
læðast	laumupokast	3	1
lag	lárétt röð	6	4
lag	melódía	5	1
lag	háttur	6	2
lag	söngur	10	1
lagfæra	endurbæta	7	0
lagfæra	laga	6	0
lagfæra	betrumbæta	3	0
lagfæra	bæta	5	0
lagfæra	snyrta	5	0
lamb	hrútur	2	1
lamb	gimbur	4	1
landsfrægur	víðkunnur	3	0
landsfrægur	annálaður	4	1
landsfrægur	víðfrægur	1	1
landsfrægur	landskunnur	4	0
landsfrægur	mær 	0	6
langa í 	ágirnast	4	1
langa í 	lysta	2	1
langa í 	fýsa	1	1
langa í 	sækjast eftir	2	1
láta	afhenda	2	1
láta	gefa	3	0
láta fá	gefa	3	0
láta fá	afhenda	8	0
láta niður	leggja	6	1
láta niður	síga	0	1
látast	andast	1	0
latur	aðgerðalaus	2	1
laumupokast	læðast	0	1
laumupokast	prakkarast	3	2
laumupokast	lúmskrast	3	1
leggja	vinna	0	4
leggja	láta niður	3	1
leggja	sigra	4	2
leggja	drepa	2	6
leið	gata	2	2
leið	stefna	7	2
leið	slóði	1	0
leið	vegur	6	1
leikmaður	áhugamaður	3	3
leikmaður	veraldarmaður	0	4
leikmaður	ófaglærður	2	3
leikmaður	liðsmaður	6	0
leikmaður	spilari	3	1
leikmaður	þátttakandi	0	1
leikur	spil	4	1
leikur	viðureign	5	3
leyna	hylja	3	0
leyna	halda aftur	1	1
leyna	fela	4	1
lið	grúppa	4	1
lið	hópur	3	1
lið	teymi	5	0
listaverk	málverk	5	2
listaverk	mynd	3	3
listaverk	verk	4	1
listaverk	sköpun	3	2
listaverk	sköpunarverk	5	1
lítill	stubbur	5	2
lítill	smávaxinn	5	1
lítill	tittur	6	4
lítill	stuttur	5	2
lítill	smágerður	5	0
lítill	smár	8	0
ljós	lýsing	0	1
ljós	birta	2	1
ljúka við e-ð	klára	3	0
ljúka við e-ð	klára e-ð	2	0
löggæslan	aðhaldið	0	1
löggæslan	lögreglan	1	0
lögin	ábreiður	1	0
lögregla	löggæsla	2	2
lögregla	lögga	6	0
lögregla	sýslumaður	0	2
lokamark	mark	1	2
lokapunktur	síðasti punktur	1	1
lokapunktur	ljúka við e-ð	1	4
lukkast	heppnast	2	0
lukkast	takast	0	1
lýsa	útskýra	1	0
lýsa	skína	2	2
maður	gaur	6	0
maður	karl	1	0
maður	karlmaður	4	0
maður	aðili	5	1
maður	náungi	4	1
maður	mannvera	4	0
mær	svanni	1	1
mær	snót	1	0
mær	frægur	0	1
mær	mey	1	0
mæta	dúkka upp	5	0
mæta	keppa við	3	3
mæta	koma	4	0
mæta	láta sjá sig	4	0
magnað	stórkostlegt	1	0
magnað	glæsilegt	2	0
mál	réttarfarsmál	5	1
mál	krukka	5	1
mál	takmark	2	5
mál	mæling	4	0
mál	stærð	6	1
mál	tunga	7	0
mál	glas	6	0
mál	bolli	3	2
mál	vandamál	2	3
mál	tungumál	6	0
mál	drykkjarmál	6	0
málverk	teikning	3	0
málverk	listaverk	4	1
málverk	mynd	4	2
málverk	riss	1	3
manneskja	mannvera	10	0
manneskja	maður	9	0
manneskja 	mannfólk	2	0
manneskja 	maður	1	0
manneskjur	mannverur	2	0
mannfólk	manneskjur	3	0
mannvera	maður	2	0
mannvera	manneskja	3	0
mannvera	sapíens	8	1
mark	einkenni	6	0
mark	endir	2	1
mark	markmið	3	5
mark	rammi	2	3
mark	lok	1	3
mark	endapunktur	4	2
massaður	þykkur	0	1
massaður	vöðvamikill	1	0
massaður	hellaður	2	1
massaður	vöðvastæltur	6	0
massaður	sterkur	2	1
massaður	kraftalegur	1	0
mega	geta	3	6
mega	hafa leyfi	4	1
mega	fá	5	1
melódía	lag	2	1
melódía	tónverk	3	0
melódía	stef	1	0
melódía	laglína	2	0
melódía	tónlist	2	1
menn	aðilar	2	1
menn	manneskjur	2	0
menn	fólk	7	0
menn	mannverur	5	0
menn	sapíens	2	1
mey	meyja	1	0
meyja	kona	0	1
meyja	hrein mey	0	2
meyja	stúlka	2	0
mikilvægur	stór	0	1
milljón	milla	5	1
mínúta	60 sekúndur	5	0
mínúta	1/60 af klukkutíma	1	0
mynd	teikning	3	4
mynd	bíomynd	8	1
mynd	ljósmynd	6	1
mynd	uppdráttur	2	2
mynd	skissa	4	2
mynd	málverk	7	1
mynd	riss	2	2
mynt	gjaldmiðill	0	1
mynt	peningur	6	1
myrða	drepa	2	1
myrða	aflífa	1	1
ná	góma	6	1
ná	grípa	6	2
ná	sækja	5	2
ná	fá	5	2
ná	takast	4	0
ná	komast í/til	5	1
ná	geta	0	1
ná	taka	9	1
ná	komast	4	2
ná	heppnast	2	1
nást	gerist	1	0
náungi	gaur	3	1
náungi	maður	6	1
náungi	typpi	0	2
náungi	félagi	4	2
náungi	karl	5	1
nettur	svalur	2	1
nettur	flottur	2	1
nettur	magur	1	0
niðurstaða	úrlausn	0	2
niðurstaða	útkoma	2	0
niðurstaða	lyktir	0	1
niðurstaða	lausn	1	2
nörd	besservisser	1	3
nörd	lúði	0	2
nörd	gáfnaljós	0	1
nýlegur	nýtilkomið	2	1
nýlegur	nýtt	5	1
nýlegur	grænn	1	4
nýr	splunkunýr	3	1
nýr	ungur	5	3
nýr	ferskur	2	0
nýr	glænýr	7	2
nýr	nýstárlegur	3	3
nýr	spánýr	8	1
nýr	grænn	5	2
nýr	ónotaður	1	0
nýstárlegur	nýr	5	3
nýstárlegur	nýmóðins	5	1
nýstárlegur	frumlegur	4	1
nýstárlegur	óvenjulegur	3	1
nýstárlegur	nýlegur	1	4
nýstárlegur	sniðugur	0	3
nýtilkomið	rosalegt	0	3
nýtilkomið	tignarlegt	0	1
nýtilkomið	magnað	0	2
öflugur	kröftugur	2	0
öldruð	gömul	1	0
óra	gruna	1	0
orrusta	átök	0	2
pæla	hugsa	2	0
pása	hvíld	3	0
pása	anda	0	1
pása	stoppa	1	2
pása	blása úr nös	0	2
peningar	fjármunir	2	0
peningar	gjaldeyrir	1	0
peningur	verð	0	1
peningur	auður	3	3
peningur	fé	4	0
peningur	mynt	3	1
peningur	gjald	1	1
peningur	aur	2	1
peningur	klink	4	1
peningur	sjóður	3	2
peningur	gjaldmiðill	3	0
peningur	fjármagn	5	1
peningur	upphæð	1	1
peningur	seðill	1	2
peningur	seðlar	4	2
peningur	eyrir	2	0
peningur	kass	7	1
persóna 	kona	0	2
persóna 	maður	2	1
persóna 	drengur	1	1
pía	pæja	1	0
pía	skvísa	1	0
pínulítill	smávaxinn	3	1
pínulítill	lítill	0	2
pínulítill	smár	6	1
prófa	yfirfara	1	0
prófa	reyna	1	0
prósent	hlutfall	11	1
prósent	prósenta	2	0
prósent	hundraðshluti	6	0
pukrast	læðast	4	0
pukrast	laumupokast	5	0
ráða	sjá um	0	2
ráða	leiða	1	0
ráða	ríkja	4	0
ráða	stjórna	2	0
ráða	stýra	1	1
ráða við	valda	4	0
ráða við	höndla	7	0
ráða við	stjórna	3	2
ræða	spjalla	5	0
ræða	fjalla um	4	0
ræða	rabba	3	0
ræða	diskútera	2	1
ræða	tala um	6	1
ræða	skeggræða	1	2
ræða	tala	2	1
ræða	eiga samtal	4	1
ræða	tala saman	7	0
rakki	hundur	2	0
rammi	umgjörð	2	0
rammi	umgerð	3	0
renna	rúlla	0	1
rétta	laga	2	1
rexa	nöldra	1	1
reyna	rannsaka	6	7
reyna	prófa	10	0
reyna	kanna	6	2
reyna	prufa	6	0
reyna	athuga	0	4
rífast	snakyrðast	1	0
ríki	veldi	5	2
ríki	land	9	2
ríkja	tróna	1	1
ríkja	stjórna	0	1
ríkja	yfirráð	2	0
risastór	massívur	0	1
risastór	gríðarlegur	1	1
risastór	massaður	1	2
riss	skissa	6	0
riss	krass	1	0
rissa	skissa	2	0
rita	skrifa	2	0
rölta	ganga	0	1
rölta	skjaga	0	1
rölta	reika	0	1
rölta	ramba	2	1
rölta	slóra	0	1
rosalegt	svakalegt	2	0
rosalegt	ofboðslegt	1	0
rosalegt	gríðarlegt 	2	0
rústa	eyðileggja	6	0
rústa	brjóta	0	1
rústa	brjóta og bramla	1	0
rústa	ganga frá	2	3
rústa	skemma	3	1
rústa	bramla	2	0
rústa	jafna við jörðu	2	0
sálga	myrða	0	1
sálga	drepa	1	0
samtal	umræða	2	0
samtal	spjall	1	0
sanna	sýna	3	2
sanna	staðfesta	4	1
sapíens	manneskja	4	1
sapíens	vitiborinn maður	1	2
sapíens	mannvera	5	1
sapíens	maður	5	1
seðlar	peningar	1	0
seðlar	blöð	0	1
segja	tala	3	1
segja	tjá	5	2
segja	mæla	4	0
segja 	tjá	0	1
segja frá	kjafta frá	1	0
setja	stilla upp	2	2
setja	raða	2	3
setja	láta	7	0
setja	leggja	4	0
síðari	seinni	6	1
sigra	vinna	2	0
sigra	hafast	0	2
sigra	efstur	0	2
sigra	fyrstur	1	2
sigra	klára	0	2
sigur	vinningur	2	3
sigur	sigra	0	1
sigurlaun	verðlaun	3	2
sigurlaun	umbun	4	0
sigurlaun	vinningur	4	0
sjá	horfa	9	1
sjálfrennireið	vélfákur	1	0
sjálfrennireið	kerra	1	1
sjálfrennireið	bifreið	1	0
sjálfrennireið	bíll	4	0
sjálfrennireið	kerra 	0	1
sjálfrennireið	kaggi	4	1
sjálfrennireið	ökutæki	1	1
skapa	búa til	2	0
skarpur	sniðugur	3	2
skarpur	snjall	2	0
skarpur	klár	3	0
skeggræða	rökræða	4	1
skeggræða	spjalla	4	0
skeggræða	tala	2	1
skeggræða	þræta	1	1
skeggræða	ræða	5	1
skeggræða	rífast	2	2
skeiða	fara hratt	3	1
skeiða	fara framhjá	1	3
skemmtistaður	veislustaður	0	1
skemmtistaður	klúbbur	0	1
skila	endursenda	2	0
skila	afhenda	2	3
skila	að endursenda	1	1
skila	að gefa til baka	2	0
skila	gefa	0	4
skila	láta	2	2
skila af sér	gefa til baka	0	1
skila af sér	afhenda	2	0
skilja	fatta	8	0
skilja	skilnaður	2	3
skilja	deila	1	5
skilnaður	aðskilnaður	3	2
skissa	rissa	1	1
skissa	krot	1	0
skissa	teikning	2	1
skissa	uppkast	0	1
skissa	teikna	2	1
skoða	virða fyrir sér	6	0
skoða	athuga	2	0
skoða	líta á	1	0
skoða	gaumgæfa	2	0
skoða	kanna	1	0
skoðun	álit	2	0
sköpun	gerð	1	1
sköpun	skapnaður	0	1
skunda	labba	1	0
skunda	skeiða	1	1
skunda	stika	6	1
skunda	arka	2	0
skunda	ganga	3	0
skýra	lýsa	5	0
skýra	kynna	2	2
skýra	útskýra	5	0
slá af	fækka	2	1
slá af	minnka	7	1
slá af	hægja á	4	0
slá af	beilast	0	2
slá af	veita afslátt	3	0
slá af	hætta við	5	0
slá af	aflýsa	4	1
slagsmál	ryskingar	1	0
slagur	glíma	1	0
slagur	bardagi	0	1
slagur	slagsmál	2	0
slagur	tusk	2	1
slagur	viðureign	1	1
slagur	átök	1	0
slátra	aflífa	1	1
slátra	slá af	0	5
slátra	skjóta	3	4
slátra	rústa	2	3
slátra	skera 	1	6
slátra	drepa	1	2
slátra	sálga	1	1
slóði	gata	4	1
slóði	vegur	4	0
slóði	stígur	5	0
slóra	tefja	0	1
slóra	hanga	2	0
smár	lítill	7	0
smár	pínulítill	8	0
smár	agnarsmár	3	3
smár	smávaxinn	3	1
smávaxinn	stubbur	0	1
smávaxinn	stuttur	5	2
smávaxinn	fíngerður	1	0
smávaxinn	dvergvaxinn	4	2
smávaxinn	lítill	7	0
smávaxinn	smár	3	1
smávaxinn	lágvaxinn	4	2
snjall	klókur	2	0
snjall	klár	2	0
snúinn	flókinn	7	0
snúinn	erfiður	4	0
snúinn	torveldur	2	0
snyrta	punta	2	1
sparisjóður	peningastofnun	2	0
sparisjóður	banki	1	2
spil	þraut	2	0
spil	borðspil	3	1
spil	leikur	9	0
spil	spjald	3	3
spila	leika	4	0
spilari	leikmaður	1	0
spjalla	tala	2	0
spjalla	eiga samtal	3	3
spjalla	ræða	9	0
splæsa	bjóða	1	0
splæsa	blæða 	2	3
splæsa	borga	4	0
splunkunýr	nýr	4	0
splunkunýr	nýlegur	2	4
sprund	man	2	1
sprund	stúlka	2	1
sprund	stelpa	3	1
sprund	gella	2	2
sprund	drós	2	1
staða	aðstæður	2	2
staða	status	1	1
staðfesta	gúddera	2	2
staðfesta	samþykkja	5	2
staður	bær	10	2
staður	stæði	6	3
staður	svæði	5	1
staður	rými	6	1
staður	pláss	5	0
starf	atvinna	1	1
starf	djobb	3	2
starf	vinna	6	1
starf	verkefni	0	2
starfa	gera	2	2
starfa	vinna	2	1
starfa	iðka	1	0
status	staða	2	0
stefna	leið	3	0
stefna	átt	2	1
stefni að	ætla	1	0
stefni að	áætla	0	1
stelpa	stúlka	1	0
stelpa	mær	0	1
sterkur	öflugur	3	0
sterkur	aflmikill	3	0
sterkur	hraustur	1	1
sterkur	kraftmikill	3	0
stígur	stígur	6	1
stígur	gata	3	1
stígur	slóði	5	0
stígur	tröð	4	0
stjórna	stýra	1	0
stoppa	stöðva	1	0
stoppa	stansa	2	0
stór	frægur	1	6
stór	risavaxinn	8	5
stór	risastór	5	4
stór	hár	5	1
stór	risalegur	2	7
stór	voldugur	4	2
stór	gríðarstór	6	2
stór	hávaxinn	8	2
stór	feitur	1	3
stórkostlegt	æðislegt	1	0
stórkostlegt	magnað	1	0
stræti	gata	1	1
stríð	óvild	1	4
stríð	árás	3	0
stubbur	snáði	3	1
stubbur	trítill	6	1
stubbur	stuttur	2	0
stubbur	kubbur	1	2
stúlka	táta	2	0
stúlka	sprund	3	0
stúlka	snót	2	0
stúlka	telpa	3	0
stúlka	stelpa	2	0
stúta	kála	3	0
stúta	myrða	3	1
stúta	aflífa	7	1
stúta	drepa	7	0
stýra	stjórna	2	0
svalur	kaldur	2	0
sýna	birta	3	1
sýna	benda á	4	1
sýna	lýsa	3	2
sýna	teikna upp	2	3
sýna	sanna	2	2
takast	ná	1	1
takast	afreka	1	2
tala saman	rabba	2	0
tala saman	samræður	1	1
tala saman	ræða saman	1	0
tala saman	rabba saman	2	0
tala saman	ræða	2	0
tala saman	spjalla	2	0
tala um	diskútera	2	0
tala um	skeggræða	3	2
tala um	spjalla um	4	0
tala um	ræða	4	1
teikna	sketsa	1	1
teikna	draga upp	1	0
teikna	rita	0	3
teikna	draga	0	1
teikna upp	skissa	1	1
teymi	hópur	2	0
teymi	lið	6	0
tík	mella	0	1
tík	tussa	0	1
tík	belja 	0	2
tímabil	bil	4	1
tónverk	lagasmíð	3	0
tónverk	lag	1	1
torleystur	illskiljanlegur	4	1
torleystur	þungur	1	0
torleystur	erfiður	8	0
torleystur	snúinn	4	0
torleystur	flókinn	7	1
torveldur	strembinn	1	0
trítill	stubbur	2	0
trítill	lítill	2	1
trítill	tittur	2	0
trítill	smár	1	0
trítill	nettur	2	3
trítla	laumast	2	2
trítla	læðast	2	0
trítla	tipla	1	1
trítla	tippla	1	1
trítla	ganga	2	2
trítla	labba	1	1
trítla	rölta	1	0
tróna	hreykja sér	0	1
trúa	álita	1	2
trúa	sannfæring	3	3
trúa	skoðun	2	3
trúa	hyggja	6	4
tryppi	unghross	1	0
tryppi	hestur	1	2
tryppi	jór	2	2
tryppi	klár	1	1
tuða	rexa	1	0
tuða	nöldra	1	0
tunna	fata	0	1
tunna	bali	0	1
tunna	dós	0	1
tunna	grill	0	2
tusk	átök	0	1
umfjöllun	frásögn	0	1
umfjöllun	kynning	1	2
umfjöllun	umræða	0	3
umfjöllun	frétt	0	1
umfjöllun	grein	0	1
umfjöllun	fréttaskýring	0	2
umræða	diskúrs	0	1
ungi	afkvæmi	4	0
ungi	barn	0	3
ungi	snáði	0	2
ungviði	afkvæmi	0	1
ungviði	ungi	1	1
uppfræða	aðstoða	2	3
uppfræða	segja til	2	0
uppfræða 	leiðsegja	1	0
uppfræða 	útskýra	1	0
uppfræða 	fræða	1	0
uppfræða 	kenna	1	0
uppfræða 	leiðbeina	2	1
uppgvöta	finna út	1	2
uppgvöta	fatta	3	0
uppgvöta	gera sér ljóst	2	1
uppgvöta	finna upp	2	1
uppgvöta	finna	3	1
upphæð	summa	4	0
upphæð	fúlga	1	1
uppkast	drög	2	0
útkoma	niðurstaða	0	1
valda	ráða	4	1
valda	geta	3	0
valdamikill	kúkur	0	1
valdamikill	virtur	0	2
valdamikill	áhrifamikill	0	1
valdamikill	mikilvægur	0	3
valdamikill	voldugur	2	1
varðveita	geyma	1	0
vegur	akbraut	5	0
vegur	braut	2	0
vegur	stígur	5	1
vegur	gata	7	1
vegur	leið	1	0
vegur	slóð	4	2
veita	láta fá	5	1
veita	afhenda	1	1
veita	bjóða	5	0
veita	rétta	5	2
veita	gefa	1	0
veita	færa	1	2
veraldarmaður	heimsborgari	2	1
verða	ná	0	1
verðlaun	uppskera	7	2
verðlaun	vinningur	3	2
verðlaun	sigurlaun	4	0
verkefni	atriði	0	1
verkefni	vinna	4	0
verkefni	erindi	1	4
viðureign	slagur	2	1
viðureign	orrusta	2	2
viðureign	stríð	1	2
viðureign	átök	3	0
viðureign	einvígi	2	2
viðureign	bardagi	2	1
viðureign	keppni	4	0
viðureign	spil	2	4
viðureign	návígi	2	3
viðureign	leikur	1	2
vilja	gera	0	2
vilja	þrá	5	1
vilja	sækjast eftir	3	2
vilja	vonast til	1	4
vinna	framkvæma	4	0
vinna	sigra	7	0
vinna	starfa	8	0
vinna	starf	4	2
vinna	atvinna	3	0
vinna	afkasta	2	1
vinningur	sigur	3	4
vinningur	verðlaun	8	1
vinningur	sigurlaun	4	0
virða	skoða	4	1
virða	horfa	3	2
virða fyrir sér	skoða	6	0
virða fyrir sér	pæla	1	4
virða fyrir sér	kaga	1	0
virða fyrir sér	skima	1	0
virða fyrir sér	velta fyrir sér	0	2
virða fyrir sér	kanna	1	0
vita	þekkja	3	1
vita	kunna	1	1
vita	skilja	0	3
vitiborinn maður	vitringur	5	2
vitiborinn maður	gáfumenni	5	1
vitiborinn maður	vitsmunavera	3	2
vitiborinn maður	klár	1	1
vitiborinn maður	gáfumaður	3	0
vitiborinn maður	gáfaður	3	2
vitiborinn maður	snillingur	2	2
vitiborinn maður	skarpur	2	3
vitringur	spekingur 	3	0
vitringur	fróði	2	0
vitringur	fræðingur	3	3
vitringur	gáfumenni 	3	1
vöðvastæltur	massaður	1	0
voldugur	áhrifamikill	3	1
voldugur	valdamikill	6	0
vonast til	langa til	1	0
vonast til	vilja	4	3
vonast til	þrá	3	2
yfirtaka	kaupa	6	4
yfirtaka	eignast	3	0
ýta	hrinda	0	1
þátttakandi	meðlimur	2	0
þátttakandi	félagi	1	3
þáttur	aðild	2	1
þáttur	kafli	3	1
þekktur	kunnur	3	0
þekktur	frægur	4	0
þekktur	heimsfrægur	4	1
þekktur	landsfrægur	8	2
þekktur	kunnugur	1	0
þekktur	viðfrægur	3	0
þjóð	þjóðflokkur	9	3
þjóð	almenningur	9	3
þrá	þurfa	0	2
þrá	langa í 	3	0
þrá	vilja	3	3
þrá	óska	0	1
þrá	langa	1	0
þræta	rífast	0	2
þræta	þrátta	1	0
þræta	tuða	2	2
þrútin	bjúguð	0	1
þrútin	bólginn	1	0
þungur	í yfirvigt	1	0
þungur	erfiður	1	0
þybbin	þrútin	0	2
þybbin	feit	2	0
þybbin	þykk	3	0
þybbin	í ofþyngd	0	1
þykk	bústin	1	0
þykk	breið	0	1
þykk	sver	2	0
þykkur	breiður	1	1
